-- phpMyAdmin SQL Dump
-- version 5.1.1
-- https://www.phpmyadmin.net/
--
-- Gép: 127.0.0.1
-- Létrehozás ideje: 2025. Ápr 09. 13:30
-- Kiszolgáló verziója: 10.4.20-MariaDB
-- PHP verzió: 7.3.29

SET SQL_MODE = "NO_AUTO_VALUE_ON_ZERO";
START TRANSACTION;
SET time_zone = "+00:00";


/*!40101 SET @OLD_CHARACTER_SET_CLIENT=@@CHARACTER_SET_CLIENT */;
/*!40101 SET @OLD_CHARACTER_SET_RESULTS=@@CHARACTER_SET_RESULTS */;
/*!40101 SET @OLD_COLLATION_CONNECTION=@@COLLATION_CONNECTION */;
/*!40101 SET NAMES utf8mb4 */;

--
-- Adatbázis: `quizdb`
--
CREATE DATABASE IF NOT EXISTS `quizdb` DEFAULT CHARACTER SET utf8 COLLATE utf8_hungarian_ci;
USE `quizdb`;

-- --------------------------------------------------------

--
-- Tábla szerkezet ehhez a táblához `answers`
--

CREATE TABLE `answers` (
  `id` char(36) COLLATE utf8_hungarian_ci NOT NULL,
  `question_id` char(36) COLLATE utf8_hungarian_ci NOT NULL,
  `answer_text` varchar(60) COLLATE utf8_hungarian_ci NOT NULL,
  `correct` tinyint(1) NOT NULL
) ENGINE=InnoDB DEFAULT CHARSET=utf8 COLLATE=utf8_hungarian_ci;

--
-- A tábla adatainak kiíratása `answers`
--

INSERT INTO `answers` (`id`, `question_id`, `answer_text`, `correct`) VALUES
('aae7a631-ff42-11ef-8924-b42e999b1679', 'a08e79ed-ff28-11ef-a048-0a0027000004', 'George Washington', 1),
('aae7a681-ff42-11ef-8924-b42e999b1679', 'a08e79ed-ff28-11ef-a048-0a0027000004', 'Abraham Lincoln', 0),
('aae7a6c2-ff42-11ef-8924-b42e999b1679', 'a08e79ed-ff28-11ef-a048-0a0027000004', 'Theodore Roosevelt', 0),
('aae7a6fb-ff42-11ef-8924-b42e999b1679', 'a08e79ed-ff28-11ef-a048-0a0027000004', 'John F. Kennedy', 0),
('aae8128a-ff42-11ef-8924-b42e999b1679', 'a08e7a5c-ff28-11ef-a048-0a0027000004', '1939', 1),
('aae81358-ff42-11ef-8924-b42e999b1679', 'a08e7a5c-ff28-11ef-a048-0a0027000004', '1914', 0),
('aae81399-ff42-11ef-8924-b42e999b1679', 'a08e7a5c-ff28-11ef-a048-0a0027000004', '1941', 0),
('aae813d0-ff42-11ef-8924-b42e999b1679', 'a08e7a5c-ff28-11ef-a048-0a0027000004', '1945', 0),
('aae81411-ff42-11ef-8924-b42e999b1679', 'a08e7a80-ff28-11ef-a048-0a0027000004', '1848', 1),
('aae8144c-ff42-11ef-8924-b42e999b1679', 'a08e7a80-ff28-11ef-a048-0a0027000004', '1867', 0),
('aae81483-ff42-11ef-8924-b42e999b1679', 'a08e7a80-ff28-11ef-a048-0a0027000004', '1789', 0),
('aae814b8-ff42-11ef-8924-b42e999b1679', 'a08e7a80-ff28-11ef-a048-0a0027000004', '1920', 0),
('aae814f0-ff42-11ef-8924-b42e999b1679', 'a08e7aa3-ff28-11ef-a048-0a0027000004', 'Egyesült Királyság', 1),
('aae81533-ff42-11ef-8924-b42e999b1679', 'a08e7aa3-ff28-11ef-a048-0a0027000004', 'Franciaország', 0),
('aae8156c-ff42-11ef-8924-b42e999b1679', 'a08e7aa3-ff28-11ef-a048-0a0027000004', 'Németország', 0),
('aae815a4-ff42-11ef-8924-b42e999b1679', 'a08e7aa3-ff28-11ef-a048-0a0027000004', 'Olaszország', 0),
('aae815dd-ff42-11ef-8924-b42e999b1679', 'a08e7ac5-ff28-11ef-a048-0a0027000004', '1989', 1),
('aae81613-ff42-11ef-8924-b42e999b1679', 'a08e7ac5-ff28-11ef-a048-0a0027000004', '1975', 0),
('aae8164b-ff42-11ef-8924-b42e999b1679', 'a08e7ac5-ff28-11ef-a048-0a0027000004', '1991', 0),
('aae8167d-ff42-11ef-8924-b42e999b1679', 'a08e7ac5-ff28-11ef-a048-0a0027000004', '1961', 0),
('aae816b1-ff42-11ef-8924-b42e999b1679', 'a08e7ae4-ff28-11ef-a048-0a0027000004', '1776', 1),
('aae816e7-ff42-11ef-8924-b42e999b1679', 'a08e7ae4-ff28-11ef-a048-0a0027000004', '1789', 0),
('aae81719-ff42-11ef-8924-b42e999b1679', 'a08e7ae4-ff28-11ef-a048-0a0027000004', '1812', 0),
('aae81749-ff42-11ef-8924-b42e999b1679', 'a08e7ae4-ff28-11ef-a048-0a0027000004', '1865', 0),
('aae8177b-ff42-11ef-8924-b42e999b1679', 'a08e7b01-ff28-11ef-a048-0a0027000004', 'Magyar király', 1),
('aae817af-ff42-11ef-8924-b42e999b1679', 'a08e7b01-ff28-11ef-a048-0a0027000004', 'Római császár', 0),
('aae817e6-ff42-11ef-8924-b42e999b1679', 'a08e7b01-ff28-11ef-a048-0a0027000004', 'Francia uralkodó', 0),
('aae8181e-ff42-11ef-8924-b42e999b1679', 'a08e7b01-ff28-11ef-a048-0a0027000004', 'Angol miniszterelnök', 0),
('aae81852-ff42-11ef-8924-b42e999b1679', 'a08e7b28-ff28-11ef-a048-0a0027000004', '1914', 1),
('aae81883-ff42-11ef-8924-b42e999b1679', 'a08e7b28-ff28-11ef-a048-0a0027000004', '1939', 0),
('aae818ba-ff42-11ef-8924-b42e999b1679', 'a08e7b28-ff28-11ef-a048-0a0027000004', '1905', 0),
('aae818ec-ff42-11ef-8924-b42e999b1679', 'a08e7b28-ff28-11ef-a048-0a0027000004', '1898', 0),
('aae81920-ff42-11ef-8924-b42e999b1679', 'a08e7b46-ff28-11ef-a048-0a0027000004', 'XIV. Lajos', 1),
('aae81951-ff42-11ef-8924-b42e999b1679', 'a08e7b46-ff28-11ef-a048-0a0027000004', 'I. Napóleon', 0),
('aae81986-ff42-11ef-8924-b42e999b1679', 'a08e7b46-ff28-11ef-a048-0a0027000004', 'II. Károly', 0),
('aae819b8-ff42-11ef-8924-b42e999b1679', 'a08e7b46-ff28-11ef-a048-0a0027000004', 'VIII. Henrik', 0),
('aae819ee-ff42-11ef-8924-b42e999b1679', 'a08e7b63-ff28-11ef-a048-0a0027000004', '1215', 1),
('aae81a1f-ff42-11ef-8924-b42e999b1679', 'a08e7b63-ff28-11ef-a048-0a0027000004', '1066', 0),
('aae81a51-ff42-11ef-8924-b42e999b1679', 'a08e7b63-ff28-11ef-a048-0a0027000004', '1492', 0),
('aae81a85-ff42-11ef-8924-b42e999b1679', 'a08e7b63-ff28-11ef-a048-0a0027000004', '1603', 0),
('aae81abc-ff42-11ef-8924-b42e999b1679', 'a08e7b84-ff28-11ef-a048-0a0027000004', 'Római hadvezér és politikus', 1),
('aae81af5-ff42-11ef-8924-b42e999b1679', 'a08e7b84-ff28-11ef-a048-0a0027000004', 'Görög filozófus', 0),
('aae81b2c-ff42-11ef-8924-b42e999b1679', 'a08e7b84-ff28-11ef-a048-0a0027000004', 'Egyiptomi fáraó', 0),
('aae81b63-ff42-11ef-8924-b42e999b1679', 'a08e7b84-ff28-11ef-a048-0a0027000004', 'Angol király', 0),
('aae81b9a-ff42-11ef-8924-b42e999b1679', 'a08e7ba0-ff28-11ef-a048-0a0027000004', '476', 1),
('aae81bce-ff42-11ef-8924-b42e999b1679', 'a08e7ba0-ff28-11ef-a048-0a0027000004', '800', 0),
('aae81c03-ff42-11ef-8924-b42e999b1679', 'a08e7ba0-ff28-11ef-a048-0a0027000004', '1492', 0),
('aae81c39-ff42-11ef-8924-b42e999b1679', 'a08e7ba0-ff28-11ef-a048-0a0027000004', '1066', 0),
('aae81c70-ff42-11ef-8924-b42e999b1679', 'a08e7bbf-ff28-11ef-a048-0a0027000004', '1789', 1),
('aae81ca6-ff42-11ef-8924-b42e999b1679', 'a08e7bbf-ff28-11ef-a048-0a0027000004', '1848', 0),
('aae81cdd-ff42-11ef-8924-b42e999b1679', 'a08e7bbf-ff28-11ef-a048-0a0027000004', '1917', 0),
('aae81d13-ff42-11ef-8924-b42e999b1679', 'a08e7bbf-ff28-11ef-a048-0a0027000004', '1603', 0),
('aae81d47-ff42-11ef-8924-b42e999b1679', 'a08e7bde-ff28-11ef-a048-0a0027000004', '1526', 1),
('aae81d7e-ff42-11ef-8924-b42e999b1679', 'a08e7bde-ff28-11ef-a048-0a0027000004', '1456', 0),
('aae81daf-ff42-11ef-8924-b42e999b1679', 'a08e7bde-ff28-11ef-a048-0a0027000004', '1703', 0),
('aae81de2-ff42-11ef-8924-b42e999b1679', 'a08e7bde-ff28-11ef-a048-0a0027000004', '1606', 0),
('aae81e14-ff42-11ef-8924-b42e999b1679', 'a08e7bfa-ff28-11ef-a048-0a0027000004', 'Az első magyar király', 1),
('aae81e46-ff42-11ef-8924-b42e999b1679', 'a08e7bfa-ff28-11ef-a048-0a0027000004', 'Erdély fejedelme', 0),
('aae81e79-ff42-11ef-8924-b42e999b1679', 'a08e7bfa-ff28-11ef-a048-0a0027000004', 'Oszmán szultán', 0),
('aae81ead-ff42-11ef-8924-b42e999b1679', 'a08e7bfa-ff28-11ef-a048-0a0027000004', 'Német-római császár', 0),
('aae81ee3-ff42-11ef-8924-b42e999b1679', 'a08e7c1c-ff28-11ef-a048-0a0027000004', 'Francia császár', 1),
('aae81f13-ff42-11ef-8924-b42e999b1679', 'a08e7c1c-ff28-11ef-a048-0a0027000004', 'Orosz cár', 0),
('aae81f45-ff42-11ef-8924-b42e999b1679', 'a08e7c1c-ff28-11ef-a048-0a0027000004', 'Brit miniszterelnök', 0),
('aae81f78-ff42-11ef-8924-b42e999b1679', 'a08e7c1c-ff28-11ef-a048-0a0027000004', 'Spanyol király', 0),
('aae81faf-ff42-11ef-8924-b42e999b1679', 'a08e7c5a-ff28-11ef-a048-0a0027000004', '1815', 1),
('aae81fdf-ff42-11ef-8924-b42e999b1679', 'a08e7c5a-ff28-11ef-a048-0a0027000004', '1789', 0),
('aae82011-ff42-11ef-8924-b42e999b1679', 'a08e7c5a-ff28-11ef-a048-0a0027000004', '1914', 0),
('aae82043-ff42-11ef-8924-b42e999b1679', 'a08e7c5a-ff28-11ef-a048-0a0027000004', '1603', 0),
('aae82077-ff42-11ef-8924-b42e999b1679', 'a08e7c76-ff28-11ef-a048-0a0027000004', 'Egyiptomi fáraó', 1),
('aae820a8-ff42-11ef-8924-b42e999b1679', 'a08e7c76-ff28-11ef-a048-0a0027000004', 'Perzsa uralkodó', 0),
('aae820db-ff42-11ef-8924-b42e999b1679', 'a08e7c76-ff28-11ef-a048-0a0027000004', 'Római császár', 0),
('aae8210f-ff42-11ef-8924-b42e999b1679', 'a08e7c76-ff28-11ef-a048-0a0027000004', 'Brit király', 0),
('aae82148-ff42-11ef-8924-b42e999b1679', 'a08e7c91-ff28-11ef-a048-0a0027000004', 'Olaszország', 1),
('aae8217c-ff42-11ef-8924-b42e999b1679', 'a08e7c91-ff28-11ef-a048-0a0027000004', 'Franciaország', 0),
('aae821b2-ff42-11ef-8924-b42e999b1679', 'a08e7c91-ff28-11ef-a048-0a0027000004', 'Németország', 0),
('aae821e6-ff42-11ef-8924-b42e999b1679', 'a08e7c91-ff28-11ef-a048-0a0027000004', 'Spanyolország', 0),
('aae8221b-ff42-11ef-8924-b42e999b1679', 'a08e7cad-ff28-11ef-a048-0a0027000004', '5. század i.e.', 1),
('aae8224e-ff42-11ef-8924-b42e999b1679', 'a08e7cad-ff28-11ef-a048-0a0027000004', '8. század i.e.', 0),
('aae82282-ff42-11ef-8924-b42e999b1679', 'a08e7cad-ff28-11ef-a048-0a0027000004', '1. század', 0),
('aae822d0-ff42-11ef-8924-b42e999b1679', 'a08e7cad-ff28-11ef-a048-0a0027000004', '3. század i.e.', 0),
('aae82309-ff42-11ef-8924-b42e999b1679', 'a08e7cca-ff28-11ef-a048-0a0027000004', '1000', 1),
('aae8233e-ff42-11ef-8924-b42e999b1679', 'a08e7cca-ff28-11ef-a048-0a0027000004', '896', 0),
('aae82373-ff42-11ef-8924-b42e999b1679', 'a08e7cca-ff28-11ef-a048-0a0027000004', '1301', 0),
('aae823a6-ff42-11ef-8924-b42e999b1679', 'a08e7cca-ff28-11ef-a048-0a0027000004', '1200', 0),
('aae823da-ff42-11ef-8924-b42e999b1679', 'a08e7cef-ff28-11ef-a048-0a0027000004', 'Augustus', 1),
('aae8240a-ff42-11ef-8924-b42e999b1679', 'a08e7cef-ff28-11ef-a048-0a0027000004', 'Nero', 0),
('aae8243f-ff42-11ef-8924-b42e999b1679', 'a08e7cef-ff28-11ef-a048-0a0027000004', 'Julius Caesar', 0),
('aae82474-ff42-11ef-8924-b42e999b1679', 'a08e7cef-ff28-11ef-a048-0a0027000004', 'Hadrianus', 0),
('aae824a9-ff42-11ef-8924-b42e999b1679', 'a08e7d45-ff28-11ef-a048-0a0027000004', '1773', 1),
('aae824db-ff42-11ef-8924-b42e999b1679', 'a08e7d45-ff28-11ef-a048-0a0027000004', '1765', 0),
('aae8250c-ff42-11ef-8924-b42e999b1679', 'a08e7d45-ff28-11ef-a048-0a0027000004', '1789', 0),
('aae8253f-ff42-11ef-8924-b42e999b1679', 'a08e7d45-ff28-11ef-a048-0a0027000004', '1801', 0),
('aae82574-ff42-11ef-8924-b42e999b1679', 'a08e7d97-ff28-11ef-a048-0a0027000004', '1517', 1),
('aae825a2-ff42-11ef-8924-b42e999b1679', 'a08e7d97-ff28-11ef-a048-0a0027000004', '1534', 0),
('aae825d2-ff42-11ef-8924-b42e999b1679', 'a08e7d97-ff28-11ef-a048-0a0027000004', '1456', 0),
('aae82603-ff42-11ef-8924-b42e999b1679', 'a08e7d97-ff28-11ef-a048-0a0027000004', '1600', 0),
('aae82635-ff42-11ef-8924-b42e999b1679', 'a08e7db5-ff28-11ef-a048-0a0027000004', 'IV. Károly', 1),
('aae82666-ff42-11ef-8924-b42e999b1679', 'a08e7db5-ff28-11ef-a048-0a0027000004', 'II. András', 0),
('aae82698-ff42-11ef-8924-b42e999b1679', 'a08e7db5-ff28-11ef-a048-0a0027000004', 'I. Ferenc József', 0),
('aae826cb-ff42-11ef-8924-b42e999b1679', 'a08e7db5-ff28-11ef-a048-0a0027000004', 'Hunyadi Mátyás', 0),
('aae82700-ff42-11ef-8924-b42e999b1679', 'a08e7dcf-ff28-11ef-a048-0a0027000004', '1947', 1),
('aae82731-ff42-11ef-8924-b42e999b1679', 'a08e7dcf-ff28-11ef-a048-0a0027000004', '1939', 0),
('aae82762-ff42-11ef-8924-b42e999b1679', 'a08e7dcf-ff28-11ef-a048-0a0027000004', '1955', 0),
('aae82792-ff42-11ef-8924-b42e999b1679', 'a08e7dcf-ff28-11ef-a048-0a0027000004', '1961', 0),
('aae827c5-ff42-11ef-8924-b42e999b1679', 'a08e7def-ff28-11ef-a048-0a0027000004', '776 i.e.', 1),
('aae827f4-ff42-11ef-8924-b42e999b1679', 'a08e7def-ff28-11ef-a048-0a0027000004', '500 i.e.', 0),
('aae82825-ff42-11ef-8924-b42e999b1679', 'a08e7def-ff28-11ef-a048-0a0027000004', '100 i.e.', 0),
('aae82855-ff42-11ef-8924-b42e999b1679', 'a08e7def-ff28-11ef-a048-0a0027000004', '200 i.e.', 0),
('aae82888-ff42-11ef-8924-b42e999b1679', 'a08e7e13-ff28-11ef-a048-0a0027000004', '1215', 1),
('aae828b6-ff42-11ef-8924-b42e999b1679', 'a08e7e13-ff28-11ef-a048-0a0027000004', '1066', 0),
('aae828e6-ff42-11ef-8924-b42e999b1679', 'a08e7e13-ff28-11ef-a048-0a0027000004', '1492', 0),
('aae82917-ff42-11ef-8924-b42e999b1679', 'a08e7e13-ff28-11ef-a048-0a0027000004', '1603', 0),
('aae8294a-ff42-11ef-8924-b42e999b1679', 'a08e7e2e-ff28-11ef-a048-0a0027000004', '1942-1943', 1),
('aae82979-ff42-11ef-8924-b42e999b1679', 'a08e7e2e-ff28-11ef-a048-0a0027000004', '1939-1940', 0),
('aae829a9-ff42-11ef-8924-b42e999b1679', 'a08e7e2e-ff28-11ef-a048-0a0027000004', '1941-1942', 0),
('aae829da-ff42-11ef-8924-b42e999b1679', 'a08e7e2e-ff28-11ef-a048-0a0027000004', '1944-1945', 0),
('aae82a0f-ff42-11ef-8924-b42e999b1679', 'a08e7e4c-ff28-11ef-a048-0a0027000004', 'Budapest', 1),
('aae82a3e-ff42-11ef-8924-b42e999b1679', 'a08e7e4c-ff28-11ef-a048-0a0027000004', 'Debrecen', 0),
('aae82a6f-ff42-11ef-8924-b42e999b1679', 'a08e7e4c-ff28-11ef-a048-0a0027000004', 'Szeged', 0),
('aae82ab3-ff42-11ef-8924-b42e999b1679', 'a08e7e4c-ff28-11ef-a048-0a0027000004', 'Győr', 0),
('aae82ae7-ff42-11ef-8924-b42e999b1679', 'a08e7e69-ff28-11ef-a048-0a0027000004', 'Csendes-óceán', 1),
('aae82b1b-ff42-11ef-8924-b42e999b1679', 'a08e7e69-ff28-11ef-a048-0a0027000004', 'Atlanti-óceán', 0),
('aae82b55-ff42-11ef-8924-b42e999b1679', 'a08e7e69-ff28-11ef-a048-0a0027000004', 'Indiai-óceán', 0),
('aae82b8a-ff42-11ef-8924-b42e999b1679', 'a08e7e69-ff28-11ef-a048-0a0027000004', 'Jeges-tenger', 0),
('aae82bc0-ff42-11ef-8924-b42e999b1679', 'a08e7e86-ff28-11ef-a048-0a0027000004', 'USA', 1),
('aae82bef-ff42-11ef-8924-b42e999b1679', 'a08e7e86-ff28-11ef-a048-0a0027000004', 'Mexikó', 0),
('aae82c20-ff42-11ef-8924-b42e999b1679', 'a08e7e86-ff28-11ef-a048-0a0027000004', 'Kanada', 0),
('aae82c52-ff42-11ef-8924-b42e999b1679', 'a08e7e86-ff28-11ef-a048-0a0027000004', 'Argentína', 0),
('aae82c85-ff42-11ef-8924-b42e999b1679', 'a08e7ea3-ff28-11ef-a048-0a0027000004', 'Afrika', 1),
('aae82cb4-ff42-11ef-8924-b42e999b1679', 'a08e7ea3-ff28-11ef-a048-0a0027000004', 'Ázsia', 0),
('aae82ce5-ff42-11ef-8924-b42e999b1679', 'a08e7ea3-ff28-11ef-a048-0a0027000004', 'Európa', 0),
('aae82d16-ff42-11ef-8924-b42e999b1679', 'a08e7ea3-ff28-11ef-a048-0a0027000004', 'Dél-Amerika', 0),
('aae82d4c-ff42-11ef-8924-b42e999b1679', 'a08e7ebe-ff28-11ef-a048-0a0027000004', 'Peru', 1),
('aae82d7e-ff42-11ef-8924-b42e999b1679', 'a08e7ebe-ff28-11ef-a048-0a0027000004', 'Mexikó', 0),
('aae82db1-ff42-11ef-8924-b42e999b1679', 'a08e7ebe-ff28-11ef-a048-0a0027000004', 'Brazília', 0),
('aae82de5-ff42-11ef-8924-b42e999b1679', 'a08e7ebe-ff28-11ef-a048-0a0027000004', 'Chile', 0),
('aae82e1a-ff42-11ef-8924-b42e999b1679', 'a08e7eda-ff28-11ef-a048-0a0027000004', 'Ausztria', 1),
('aae82e4c-ff42-11ef-8924-b42e999b1679', 'a08e7eda-ff28-11ef-a048-0a0027000004', 'Lengyelország', 0),
('aae82e81-ff42-11ef-8924-b42e999b1679', 'a08e7eda-ff28-11ef-a048-0a0027000004', 'Franciaország', 0),
('aae82eb4-ff42-11ef-8924-b42e999b1679', 'a08e7eda-ff28-11ef-a048-0a0027000004', 'Olaszország', 0),
('aae82eea-ff42-11ef-8924-b42e999b1679', 'a08e7ef6-ff28-11ef-a048-0a0027000004', 'Oroszország', 1),
('aae82f1e-ff42-11ef-8924-b42e999b1679', 'a08e7ef6-ff28-11ef-a048-0a0027000004', 'Kína', 0),
('aae82f53-ff42-11ef-8924-b42e999b1679', 'a08e7ef6-ff28-11ef-a048-0a0027000004', 'USA', 0),
('aae82f86-ff42-11ef-8924-b42e999b1679', 'a08e7ef6-ff28-11ef-a048-0a0027000004', 'Kanada', 0),
('aae83c41-ff42-11ef-8924-b42e999b1679', 'a08e7f12-ff28-11ef-a048-0a0027000004', 'Tanzánia', 1),
('aae83cb5-ff42-11ef-8924-b42e999b1679', 'a08e7f12-ff28-11ef-a048-0a0027000004', 'Kenya', 0),
('aae84687-ff42-11ef-8924-b42e999b1679', 'a08e7f12-ff28-11ef-a048-0a0027000004', 'Dél-Afrika', 0),
('aae846fd-ff42-11ef-8924-b42e999b1679', 'a08e7f12-ff28-11ef-a048-0a0027000004', 'Etiópia', 0),
('aae8474d-ff42-11ef-8924-b42e999b1679', 'a08e7f2d-ff28-11ef-a048-0a0027000004', 'Fülöp-szigetek', 1),
('aae84788-ff42-11ef-8924-b42e999b1679', 'a08e7f2d-ff28-11ef-a048-0a0027000004', 'Japán', 0),
('aae847bd-ff42-11ef-8924-b42e999b1679', 'a08e7f2d-ff28-11ef-a048-0a0027000004', 'Indonézia', 0),
('aae847f6-ff42-11ef-8924-b42e999b1679', 'a08e7f2d-ff28-11ef-a048-0a0027000004', 'Hawaii', 0),
('aae84830-ff42-11ef-8924-b42e999b1679', 'a08e7f49-ff28-11ef-a048-0a0027000004', 'Dél-Amerika', 1),
('aae8486b-ff42-11ef-8924-b42e999b1679', 'a08e7f49-ff28-11ef-a048-0a0027000004', 'Afrika', 0),
('aae848a4-ff42-11ef-8924-b42e999b1679', 'a08e7f49-ff28-11ef-a048-0a0027000004', 'Európa', 0),
('aae848df-ff42-11ef-8924-b42e999b1679', 'a08e7f49-ff28-11ef-a048-0a0027000004', 'Ázsia', 0),
('aae8491b-ff42-11ef-8924-b42e999b1679', 'a08e7f66-ff28-11ef-a048-0a0027000004', 'Nepál', 1),
('aae84957-ff42-11ef-8924-b42e999b1679', 'a08e7f66-ff28-11ef-a048-0a0027000004', 'Kína', 0),
('aae8498d-ff42-11ef-8924-b42e999b1679', 'a08e7f66-ff28-11ef-a048-0a0027000004', 'India', 0),
('aae849c3-ff42-11ef-8924-b42e999b1679', 'a08e7f66-ff28-11ef-a048-0a0027000004', 'Pakisztán', 0),
('aae849fc-ff42-11ef-8924-b42e999b1679', 'a08e7f82-ff28-11ef-a048-0a0027000004', 'Nílus', 1),
('aae84a37-ff42-11ef-8924-b42e999b1679', 'a08e7f82-ff28-11ef-a048-0a0027000004', 'Amazonas', 0),
('aae84a72-ff42-11ef-8924-b42e999b1679', 'a08e7f82-ff28-11ef-a048-0a0027000004', 'Mississippi', 0),
('aae84aac-ff42-11ef-8924-b42e999b1679', 'a08e7f82-ff28-11ef-a048-0a0027000004', 'Jangce', 0),
('aae84ae7-ff42-11ef-8924-b42e999b1679', 'a08e7fa2-ff28-11ef-a048-0a0027000004', 'Antarktiszi-sivatag', 1),
('aae84b20-ff42-11ef-8924-b42e999b1679', 'a08e7fa2-ff28-11ef-a048-0a0027000004', 'Szahara', 0),
('aae84b57-ff42-11ef-8924-b42e999b1679', 'a08e7fa2-ff28-11ef-a048-0a0027000004', 'Gobi', 0),
('aae84b8f-ff42-11ef-8924-b42e999b1679', 'a08e7fa2-ff28-11ef-a048-0a0027000004', 'Kalahári', 0),
('aae84bc6-ff42-11ef-8924-b42e999b1679', 'a08e7fbc-ff28-11ef-a048-0a0027000004', 'Svédország', 1),
('aae84bff-ff42-11ef-8924-b42e999b1679', 'a08e7fbc-ff28-11ef-a048-0a0027000004', 'Indonézia', 0),
('aae84c36-ff42-11ef-8924-b42e999b1679', 'a08e7fbc-ff28-11ef-a048-0a0027000004', 'Fülöp-szigetek', 0),
('aae84c6d-ff42-11ef-8924-b42e999b1679', 'a08e7fbc-ff28-11ef-a048-0a0027000004', 'Japán', 0),
('aae84ca4-ff42-11ef-8924-b42e999b1679', 'a08e7fd9-ff28-11ef-a048-0a0027000004', 'Róma', 1),
('aae84cdd-ff42-11ef-8924-b42e999b1679', 'a08e7fd9-ff28-11ef-a048-0a0027000004', 'Athén', 0),
('aae84d14-ff42-11ef-8924-b42e999b1679', 'a08e7fd9-ff28-11ef-a048-0a0027000004', 'Barcelona', 0),
('aae84d57-ff42-11ef-8924-b42e999b1679', 'a08e7fd9-ff28-11ef-a048-0a0027000004', 'Párizs', 0),
('aae84d8e-ff42-11ef-8924-b42e999b1679', 'a08e7ff5-ff28-11ef-a048-0a0027000004', 'Kazahsztán', 1),
('aae84dc8-ff42-11ef-8924-b42e999b1679', 'a08e7ff5-ff28-11ef-a048-0a0027000004', 'Kanada', 0),
('aae84dff-ff42-11ef-8924-b42e999b1679', 'a08e7ff5-ff28-11ef-a048-0a0027000004', 'Oroszország', 0),
('aae84e36-ff42-11ef-8924-b42e999b1679', 'a08e7ff5-ff28-11ef-a048-0a0027000004', 'USA', 0),
('aae84e71-ff42-11ef-8924-b42e999b1679', 'a08e8013-ff28-11ef-a048-0a0027000004', 'Zambia és Zimbabwe határán', 1),
('aae84ead-ff42-11ef-8924-b42e999b1679', 'a08e8013-ff28-11ef-a048-0a0027000004', 'Brazília és Argentína határán', 0),
('aae84ee7-ff42-11ef-8924-b42e999b1679', 'a08e8013-ff28-11ef-a048-0a0027000004', 'Kína és Mongólia határán', 0),
('aae84f1e-ff42-11ef-8924-b42e999b1679', 'a08e8013-ff28-11ef-a048-0a0027000004', 'India és Nepál határán', 0),
('aae84f57-ff42-11ef-8924-b42e999b1679', 'a08e802e-ff28-11ef-a048-0a0027000004', 'Csendes-óceán', 1),
('aae84f8b-ff42-11ef-8924-b42e999b1679', 'a08e802e-ff28-11ef-a048-0a0027000004', 'Atlanti-óceán', 0),
('aae84fc4-ff42-11ef-8924-b42e999b1679', 'a08e802e-ff28-11ef-a048-0a0027000004', 'Indiai-óceán', 0),
('aae84ffa-ff42-11ef-8924-b42e999b1679', 'a08e802e-ff28-11ef-a048-0a0027000004', 'Jeges-tenger', 0),
('aae85034-ff42-11ef-8924-b42e999b1679', 'a08e804a-ff28-11ef-a048-0a0027000004', 'Argentína', 1),
('aae85068-ff42-11ef-8924-b42e999b1679', 'a08e804a-ff28-11ef-a048-0a0027000004', 'Chile', 0),
('aae8509d-ff42-11ef-8924-b42e999b1679', 'a08e804a-ff28-11ef-a048-0a0027000004', 'Brazília', 0),
('aae850d5-ff42-11ef-8924-b42e999b1679', 'a08e804a-ff28-11ef-a048-0a0027000004', 'Kolumbia', 0),
('aae85109-ff42-11ef-8924-b42e999b1679', 'a08e8067-ff28-11ef-a048-0a0027000004', 'Antarktisz', 1),
('aae8513b-ff42-11ef-8924-b42e999b1679', 'a08e8067-ff28-11ef-a048-0a0027000004', 'Ausztrália', 0),
('aae851ff-ff42-11ef-8924-b42e999b1679', 'a08e8067-ff28-11ef-a048-0a0027000004', 'Dél-Amerika', 0),
('aae8524a-ff42-11ef-8924-b42e999b1679', 'a08e8067-ff28-11ef-a048-0a0027000004', 'Európa', 0),
('aae85293-ff42-11ef-8924-b42e999b1679', 'a08e8083-ff28-11ef-a048-0a0027000004', 'Oroszország', 1),
('aae852dd-ff42-11ef-8924-b42e999b1679', 'a08e8083-ff28-11ef-a048-0a0027000004', 'Kanada', 0),
('aae8532a-ff42-11ef-8924-b42e999b1679', 'a08e8083-ff28-11ef-a048-0a0027000004', 'Kína', 0),
('aae85373-ff42-11ef-8924-b42e999b1679', 'a08e8083-ff28-11ef-a048-0a0027000004', 'Japán', 0),
('aae853b8-ff42-11ef-8924-b42e999b1679', 'a08e809e-ff28-11ef-a048-0a0027000004', 'Kína', 1),
('aae87186-ff42-11ef-8924-b42e999b1679', 'a08e809e-ff28-11ef-a048-0a0027000004', 'Egyesült Államok', 0),
('aae87243-ff42-11ef-8924-b42e999b1679', 'a08e809e-ff28-11ef-a048-0a0027000004', 'Brazília', 0),
('aae87296-ff42-11ef-8924-b42e999b1679', 'a08e809e-ff28-11ef-a048-0a0027000004', 'Németország', 0),
('aae872e1-ff42-11ef-8924-b42e999b1679', 'a08e80bb-ff28-11ef-a048-0a0027000004', 'Zambia és Zimbabwe', 1),
('aae87325-ff42-11ef-8924-b42e999b1679', 'a08e80bb-ff28-11ef-a048-0a0027000004', 'Dél-Afrika', 0),
('aae87361-ff42-11ef-8924-b42e999b1679', 'a08e80bb-ff28-11ef-a048-0a0027000004', 'Brazília', 0),
('aae87399-ff42-11ef-8924-b42e999b1679', 'a08e80bb-ff28-11ef-a048-0a0027000004', 'Ausztrália', 0),
('aae873d2-ff42-11ef-8924-b42e999b1679', 'a08e80d6-ff28-11ef-a048-0a0027000004', 'Afrika', 1),
('aae87407-ff42-11ef-8924-b42e999b1679', 'a08e80d6-ff28-11ef-a048-0a0027000004', 'Ázsia', 0),
('aae87441-ff42-11ef-8924-b42e999b1679', 'a08e80d6-ff28-11ef-a048-0a0027000004', 'Dél-Amerika', 0),
('aae8747a-ff42-11ef-8924-b42e999b1679', 'a08e80d6-ff28-11ef-a048-0a0027000004', 'Európa', 0),
('aae874b1-ff42-11ef-8924-b42e999b1679', 'a08e80f1-ff28-11ef-a048-0a0027000004', 'Brazília', 1),
('aae874e9-ff42-11ef-8924-b42e999b1679', 'a08e80f1-ff28-11ef-a048-0a0027000004', 'Peru', 0),
('aae87520-ff42-11ef-8924-b42e999b1679', 'a08e80f1-ff28-11ef-a048-0a0027000004', 'Kolumbia', 0),
('aae87557-ff42-11ef-8924-b42e999b1679', 'a08e80f1-ff28-11ef-a048-0a0027000004', 'Venezuela', 0),
('aae89753-ff42-11ef-8924-b42e999b1679', 'a08e8118-ff28-11ef-a048-0a0027000004', 'Egyesült Államok', 1),
('aae897bd-ff42-11ef-8924-b42e999b1679', 'a08e8118-ff28-11ef-a048-0a0027000004', 'Olaszország', 0),
('aae89804-ff42-11ef-8924-b42e999b1679', 'a08e8118-ff28-11ef-a048-0a0027000004', 'Indonézia', 0),
('aae89847-ff42-11ef-8924-b42e999b1679', 'a08e8118-ff28-11ef-a048-0a0027000004', 'Japán', 0),
('aae89883-ff42-11ef-8924-b42e999b1679', 'a08e8134-ff28-11ef-a048-0a0027000004', 'Csendes-óceán', 1),
('aae898bc-ff42-11ef-8924-b42e999b1679', 'a08e8134-ff28-11ef-a048-0a0027000004', 'Atlanti-óceán', 0),
('aae898f8-ff42-11ef-8924-b42e999b1679', 'a08e8134-ff28-11ef-a048-0a0027000004', 'Indiai-óceán', 0),
('aae89933-ff42-11ef-8924-b42e999b1679', 'a08e8134-ff28-11ef-a048-0a0027000004', 'Jeges-tenger', 0),
('aae8996c-ff42-11ef-8924-b42e999b1679', 'a08e814f-ff28-11ef-a048-0a0027000004', 'Grönland', 1),
('aae899a2-ff42-11ef-8924-b42e999b1679', 'a08e814f-ff28-11ef-a048-0a0027000004', 'Ausztrália', 0),
('aae899da-ff42-11ef-8924-b42e999b1679', 'a08e814f-ff28-11ef-a048-0a0027000004', 'Indonézia', 0),
('aae89a14-ff42-11ef-8924-b42e999b1679', 'a08e814f-ff28-11ef-a048-0a0027000004', 'Fülöp-szigetek', 0),
('aae89a53-ff42-11ef-8924-b42e999b1679', 'a08e816a-ff28-11ef-a048-0a0027000004', 'Mongólia', 1),
('aae89a89-ff42-11ef-8924-b42e999b1679', 'a08e816a-ff28-11ef-a048-0a0027000004', 'Kazahsztán', 0),
('aae89ac8-ff42-11ef-8924-b42e999b1679', 'a08e816a-ff28-11ef-a048-0a0027000004', 'Üzbegisztán', 0),
('aae89b04-ff42-11ef-8924-b42e999b1679', 'a08e816a-ff28-11ef-a048-0a0027000004', 'Tádzsikisztán', 0),
('aae89b40-ff42-11ef-8924-b42e999b1679', 'a08e8184-ff28-11ef-a048-0a0027000004', 'Kína', 1),
('aae89b78-ff42-11ef-8924-b42e999b1679', 'a08e8184-ff28-11ef-a048-0a0027000004', 'Oroszország', 0),
('aae89bb3-ff42-11ef-8924-b42e999b1679', 'a08e8184-ff28-11ef-a048-0a0027000004', 'Brazília', 0),
('aae89bed-ff42-11ef-8924-b42e999b1679', 'a08e8184-ff28-11ef-a048-0a0027000004', 'India', 0),
('aae89c26-ff42-11ef-8924-b42e999b1679', 'a08e81a1-ff28-11ef-a048-0a0027000004', '8', 1),
('aae89c60-ff42-11ef-8924-b42e999b1679', 'a08e81a1-ff28-11ef-a048-0a0027000004', '6', 0),
('aae89c99-ff42-11ef-8924-b42e999b1679', 'a08e81a1-ff28-11ef-a048-0a0027000004', '9', 0),
('aae89cd1-ff42-11ef-8924-b42e999b1679', 'a08e81a1-ff28-11ef-a048-0a0027000004', '7', 0),
('aae89d0f-ff42-11ef-8924-b42e999b1679', 'a08e81bc-ff28-11ef-a048-0a0027000004', '5', 1),
('aae89d45-ff42-11ef-8924-b42e999b1679', 'a08e81bc-ff28-11ef-a048-0a0027000004', '6', 0),
('aae89d7d-ff42-11ef-8924-b42e999b1679', 'a08e81bc-ff28-11ef-a048-0a0027000004', '4', 0),
('aae89db5-ff42-11ef-8924-b42e999b1679', 'a08e81bc-ff28-11ef-a048-0a0027000004', '7', 0),
('aae89def-ff42-11ef-8924-b42e999b1679', 'a08e81d8-ff28-11ef-a048-0a0027000004', '12', 1),
('aae89e24-ff42-11ef-8924-b42e999b1679', 'a08e81d8-ff28-11ef-a048-0a0027000004', '10', 0),
('aae89e5c-ff42-11ef-8924-b42e999b1679', 'a08e81d8-ff28-11ef-a048-0a0027000004', '14', 0),
('aae89e97-ff42-11ef-8924-b42e999b1679', 'a08e81d8-ff28-11ef-a048-0a0027000004', '8', 0),
('aae89ed1-ff42-11ef-8924-b42e999b1679', 'a08e81f2-ff28-11ef-a048-0a0027000004', '4', 1),
('aae89f0a-ff42-11ef-8924-b42e999b1679', 'a08e81f2-ff28-11ef-a048-0a0027000004', '5', 0),
('aae89f44-ff42-11ef-8924-b42e999b1679', 'a08e81f2-ff28-11ef-a048-0a0027000004', '3', 0),
('aae89f7d-ff42-11ef-8924-b42e999b1679', 'a08e81f2-ff28-11ef-a048-0a0027000004', '6', 0),
('aae89fb7-ff42-11ef-8924-b42e999b1679', 'a08e820d-ff28-11ef-a048-0a0027000004', '20', 1),
('aae89fef-ff42-11ef-8924-b42e999b1679', 'a08e820d-ff28-11ef-a048-0a0027000004', '15', 0),
('aae8a028-ff42-11ef-8924-b42e999b1679', 'a08e820d-ff28-11ef-a048-0a0027000004', '25', 0),
('aae8a064-ff42-11ef-8924-b42e999b1679', 'a08e820d-ff28-11ef-a048-0a0027000004', '30', 0),
('aae8a09e-ff42-11ef-8924-b42e999b1679', 'a08e8227-ff28-11ef-a048-0a0027000004', '8', 1),
('aae8a0d5-ff42-11ef-8924-b42e999b1679', 'a08e8227-ff28-11ef-a048-0a0027000004', '7', 0),
('aae8a10f-ff42-11ef-8924-b42e999b1679', 'a08e8227-ff28-11ef-a048-0a0027000004', '9', 0),
('aae8a14a-ff42-11ef-8924-b42e999b1679', 'a08e8227-ff28-11ef-a048-0a0027000004', '5', 0),
('aae8a181-ff42-11ef-8924-b42e999b1679', 'a08e8242-ff28-11ef-a048-0a0027000004', '2', 1),
('aae8a1b6-ff42-11ef-8924-b42e999b1679', 'a08e8242-ff28-11ef-a048-0a0027000004', '3', 0),
('aae8a1f0-ff42-11ef-8924-b42e999b1679', 'a08e8242-ff28-11ef-a048-0a0027000004', '1', 0),
('aae8a229-ff42-11ef-8924-b42e999b1679', 'a08e8242-ff28-11ef-a048-0a0027000004', '5', 0),
('aae8a263-ff42-11ef-8924-b42e999b1679', 'a08e825e-ff28-11ef-a048-0a0027000004', '75', 1),
('aae8a298-ff42-11ef-8924-b42e999b1679', 'a08e825e-ff28-11ef-a048-0a0027000004', '80', 0),
('aae8a2d1-ff42-11ef-8924-b42e999b1679', 'a08e825e-ff28-11ef-a048-0a0027000004', '70', 0),
('aae8a30e-ff42-11ef-8924-b42e999b1679', 'a08e825e-ff28-11ef-a048-0a0027000004', '85', 0),
('aae8a348-ff42-11ef-8924-b42e999b1679', 'a08e8277-ff28-11ef-a048-0a0027000004', '0', 1),
('aae8a37f-ff42-11ef-8924-b42e999b1679', 'a08e8277-ff28-11ef-a048-0a0027000004', '1', 0),
('aae8a3b7-ff42-11ef-8924-b42e999b1679', 'a08e8277-ff28-11ef-a048-0a0027000004', '10', 0),
('aae8a3f4-ff42-11ef-8924-b42e999b1679', 'a08e8277-ff28-11ef-a048-0a0027000004', '100', 0),
('aae8a42b-ff42-11ef-8924-b42e999b1679', 'a08e8293-ff28-11ef-a048-0a0027000004', '12 és 15', 1),
('aae8a465-ff42-11ef-8924-b42e999b1679', 'a08e8293-ff28-11ef-a048-0a0027000004', '14', 0),
('aae8a49f-ff42-11ef-8924-b42e999b1679', 'a08e8293-ff28-11ef-a048-0a0027000004', '15', 0),
('aae8a4d7-ff42-11ef-8924-b42e999b1679', 'a08e8293-ff28-11ef-a048-0a0027000004', '12', 0),
('aae8a510-ff42-11ef-8924-b42e999b1679', 'a08e82ad-ff28-11ef-a048-0a0027000004', '120', 1),
('aae8a54d-ff42-11ef-8924-b42e999b1679', 'a08e82ad-ff28-11ef-a048-0a0027000004', '130', 0),
('aae8a585-ff42-11ef-8924-b42e999b1679', 'a08e82ad-ff28-11ef-a048-0a0027000004', '110', 0),
('aae8a5bb-ff42-11ef-8924-b42e999b1679', 'a08e82ad-ff28-11ef-a048-0a0027000004', '100', 0),
('aae8a5f1-ff42-11ef-8924-b42e999b1679', 'a08e82c6-ff28-11ef-a048-0a0027000004', '12', 1),
('aae8a62a-ff42-11ef-8924-b42e999b1679', 'a08e82c6-ff28-11ef-a048-0a0027000004', '10', 0),
('aae8a662-ff42-11ef-8924-b42e999b1679', 'a08e82c6-ff28-11ef-a048-0a0027000004', '14', 0),
('aae8a699-ff42-11ef-8924-b42e999b1679', 'a08e82c6-ff28-11ef-a048-0a0027000004', '16', 0),
('aae8a6d1-ff42-11ef-8924-b42e999b1679', 'a08e82e0-ff28-11ef-a048-0a0027000004', '8', 1),
('aae8a709-ff42-11ef-8924-b42e999b1679', 'a08e82e0-ff28-11ef-a048-0a0027000004', '6', 0),
('aae8a743-ff42-11ef-8924-b42e999b1679', 'a08e82e0-ff28-11ef-a048-0a0027000004', '12', 0),
('aae8a77c-ff42-11ef-8924-b42e999b1679', 'a08e82e0-ff28-11ef-a048-0a0027000004', '10', 0),
('aae8a7b3-ff42-11ef-8924-b42e999b1679', 'a08e82fb-ff28-11ef-a048-0a0027000004', '25', 1),
('aae8a7ec-ff42-11ef-8924-b42e999b1679', 'a08e82fb-ff28-11ef-a048-0a0027000004', '23', 0),
('aae8a828-ff42-11ef-8924-b42e999b1679', 'a08e82fb-ff28-11ef-a048-0a0027000004', '27', 0),
('aae8a862-ff42-11ef-8924-b42e999b1679', 'a08e82fb-ff28-11ef-a048-0a0027000004', '21', 0),
('aae8a89d-ff42-11ef-8924-b42e999b1679', 'a08e8316-ff28-11ef-a048-0a0027000004', '180°', 1),
('aae8a8d3-ff42-11ef-8924-b42e999b1679', 'a08e8316-ff28-11ef-a048-0a0027000004', '360°', 0),
('aae8a90b-ff42-11ef-8924-b42e999b1679', 'a08e8316-ff28-11ef-a048-0a0027000004', '90°', 0),
('aae8a945-ff42-11ef-8924-b42e999b1679', 'a08e8316-ff28-11ef-a048-0a0027000004', '270°', 0),
('aae8a9f8-ff42-11ef-8924-b42e999b1679', 'a08e8331-ff28-11ef-a048-0a0027000004', '2.64', 1),
('aae8aa46-ff42-11ef-8924-b42e999b1679', 'a08e8331-ff28-11ef-a048-0a0027000004', '2.5', 0),
('aae8aa93-ff42-11ef-8924-b42e999b1679', 'a08e8331-ff28-11ef-a048-0a0027000004', '3.14', 0),
('aae8aadf-ff42-11ef-8924-b42e999b1679', 'a08e8331-ff28-11ef-a048-0a0027000004', '2.81', 0),
('aae8ab29-ff42-11ef-8924-b42e999b1679', 'a08e834c-ff28-11ef-a048-0a0027000004', '120', 1),
('aae8ab73-ff42-11ef-8924-b42e999b1679', 'a08e834c-ff28-11ef-a048-0a0027000004', '60', 0),
('aae8abc3-ff42-11ef-8924-b42e999b1679', 'a08e834c-ff28-11ef-a048-0a0027000004', '24', 0),
('aae8c4d1-ff42-11ef-8924-b42e999b1679', 'a08e834c-ff28-11ef-a048-0a0027000004', '150', 0),
('aae8c55f-ff42-11ef-8924-b42e999b1679', 'a08e8367-ff28-11ef-a048-0a0027000004', '100', 1),
('aae8c59b-ff42-11ef-8924-b42e999b1679', 'a08e8367-ff28-11ef-a048-0a0027000004', '101', 0),
('aae8c5da-ff42-11ef-8924-b42e999b1679', 'a08e8367-ff28-11ef-a048-0a0027000004', '99', 0),
('aae8c622-ff42-11ef-8924-b42e999b1679', 'a08e8367-ff28-11ef-a048-0a0027000004', '110', 0),
('aae8c65f-ff42-11ef-8924-b42e999b1679', 'a08e8382-ff28-11ef-a048-0a0027000004', '9', 1),
('aae8c69a-ff42-11ef-8924-b42e999b1679', 'a08e8382-ff28-11ef-a048-0a0027000004', '8', 0),
('aae8c6d5-ff42-11ef-8924-b42e999b1679', 'a08e8382-ff28-11ef-a048-0a0027000004', '10', 0),
('aae8c70e-ff42-11ef-8924-b42e999b1679', 'a08e8382-ff28-11ef-a048-0a0027000004', '11', 0),
('aae8c745-ff42-11ef-8924-b42e999b1679', 'a08e839b-ff28-11ef-a048-0a0027000004', '48', 1),
('aae8c781-ff42-11ef-8924-b42e999b1679', 'a08e839b-ff28-11ef-a048-0a0027000004', '50', 0),
('aae8c7bc-ff42-11ef-8924-b42e999b1679', 'a08e839b-ff28-11ef-a048-0a0027000004', '52', 0),
('aae8c7f4-ff42-11ef-8924-b42e999b1679', 'a08e839b-ff28-11ef-a048-0a0027000004', '46', 0),
('aae8c82d-ff42-11ef-8924-b42e999b1679', 'a08e83b7-ff28-11ef-a048-0a0027000004', '3.14', 1),
('aae8c868-ff42-11ef-8924-b42e999b1679', 'a08e83b7-ff28-11ef-a048-0a0027000004', '2.71', 0),
('aae8c8a3-ff42-11ef-8924-b42e999b1679', 'a08e83b7-ff28-11ef-a048-0a0027000004', '3.16', 0),
('aae8c8db-ff42-11ef-8924-b42e999b1679', 'a08e83b7-ff28-11ef-a048-0a0027000004', '3.12', 0),
('aae8c911-ff42-11ef-8924-b42e999b1679', 'a08e83d3-ff28-11ef-a048-0a0027000004', '1024', 1),
('aae8c94a-ff42-11ef-8924-b42e999b1679', 'a08e83d3-ff28-11ef-a048-0a0027000004', '2048', 0),
('aae8c988-ff42-11ef-8924-b42e999b1679', 'a08e83d3-ff28-11ef-a048-0a0027000004', '512', 0),
('aae8c9c5-ff42-11ef-8924-b42e999b1679', 'a08e83d3-ff28-11ef-a048-0a0027000004', '1000', 0),
('aae8ca01-ff42-11ef-8924-b42e999b1679', 'a08e83ec-ff28-11ef-a048-0a0027000004', '6227020800', 1),
('aae8ca40-ff42-11ef-8924-b42e999b1679', 'a08e83ec-ff28-11ef-a048-0a0027000004', '479001600', 0),
('aae8ca81-ff42-11ef-8924-b42e999b1679', 'a08e83ec-ff28-11ef-a048-0a0027000004', '362880', 0),
('aae8cac0-ff42-11ef-8924-b42e999b1679', 'a08e83ec-ff28-11ef-a048-0a0027000004', '1000000000', 0),
('aae8cb00-ff42-11ef-8924-b42e999b1679', 'a08e8406-ff28-11ef-a048-0a0027000004', '2.71', 1),
('aae8cb46-ff42-11ef-8924-b42e999b1679', 'a08e8406-ff28-11ef-a048-0a0027000004', '3.14', 0),
('aae8cb86-ff42-11ef-8924-b42e999b1679', 'a08e8406-ff28-11ef-a048-0a0027000004', '1.61', 0),
('aae8cbc8-ff42-11ef-8924-b42e999b1679', 'a08e8406-ff28-11ef-a048-0a0027000004', '2.72', 0),
('aae8cc12-ff42-11ef-8924-b42e999b1679', 'a08e8422-ff28-11ef-a048-0a0027000004', 'Pitagorasz-tétel', 1),
('aae8cc61-ff42-11ef-8924-b42e999b1679', 'a08e8422-ff28-11ef-a048-0a0027000004', 'Thalész-tétel', 0),
('aae8ccae-ff42-11ef-8924-b42e999b1679', 'a08e8422-ff28-11ef-a048-0a0027000004', 'Euler-formula', 0),
('aae8ccf4-ff42-11ef-8924-b42e999b1679', 'a08e8422-ff28-11ef-a048-0a0027000004', 'Newton-törvény', 0),
('aae8cd43-ff42-11ef-8924-b42e999b1679', 'a08eab9e-ff28-11ef-a048-0a0027000004', '55', 1),
('aae8cd88-ff42-11ef-8924-b42e999b1679', 'a08eab9e-ff28-11ef-a048-0a0027000004', '34', 0),
('aae8cdce-ff42-11ef-8924-b42e999b1679', 'a08eab9e-ff28-11ef-a048-0a0027000004', '89', 0),
('aae8ce13-ff42-11ef-8924-b42e999b1679', 'a08eab9e-ff28-11ef-a048-0a0027000004', '21', 0),
('aae8cee3-ff42-11ef-8924-b42e999b1679', 'a08eabcb-ff28-11ef-a048-0a0027000004', 'e ≈ 2.718', 1),
('aae8cfa7-ff42-11ef-8924-b42e999b1679', 'a08eabcb-ff28-11ef-a048-0a0027000004', 'π ≈ 3.1416', 0),
('aae8cff5-ff42-11ef-8924-b42e999b1679', 'a08eabcb-ff28-11ef-a048-0a0027000004', '√2 ≈ 1.414', 0),
('aae8d040-ff42-11ef-8924-b42e999b1679', 'a08eabcb-ff28-11ef-a048-0a0027000004', 'φ ≈ 1.618', 0),
('aae8d080-ff42-11ef-8924-b42e999b1679', 'a08eabe5-ff28-11ef-a048-0a0027000004', '541', 1),
('aae8d0bf-ff42-11ef-8924-b42e999b1679', 'a08eabe5-ff28-11ef-a048-0a0027000004', '499', 0),
('aae8d0fe-ff42-11ef-8924-b42e999b1679', 'a08eabe5-ff28-11ef-a048-0a0027000004', '601', 0),
('aae8d13d-ff42-11ef-8924-b42e999b1679', 'a08eabe5-ff28-11ef-a048-0a0027000004', '523', 0),
('aae8d17a-ff42-11ef-8924-b42e999b1679', 'a08eac03-ff28-11ef-a048-0a0027000004', '997', 1),
('aae8d1b4-ff42-11ef-8924-b42e999b1679', 'a08eac03-ff28-11ef-a048-0a0027000004', '991', 0),
('aae8d1ed-ff42-11ef-8924-b42e999b1679', 'a08eac03-ff28-11ef-a048-0a0027000004', '953', 0),
('aae8d227-ff42-11ef-8924-b42e999b1679', 'a08eac03-ff28-11ef-a048-0a0027000004', '947', 0),
('aae8d262-ff42-11ef-8924-b42e999b1679', 'a08eac1d-ff28-11ef-a048-0a0027000004', '1.618', 1),
('aae8d29b-ff42-11ef-8924-b42e999b1679', 'a08eac1d-ff28-11ef-a048-0a0027000004', '1.414', 0),
('aae8d2d5-ff42-11ef-8924-b42e999b1679', 'a08eac1d-ff28-11ef-a048-0a0027000004', '2.718', 0),
('aae8d311-ff42-11ef-8924-b42e999b1679', 'a08eac1d-ff28-11ef-a048-0a0027000004', '3.141', 0),
('aae8d34e-ff42-11ef-8924-b42e999b1679', 'a08eac38-ff28-11ef-a048-0a0027000004', '11', 1),
('aae8d389-ff42-11ef-8924-b42e999b1679', 'a08eac38-ff28-11ef-a048-0a0027000004', '9', 0),
('aae8d3c6-ff42-11ef-8924-b42e999b1679', 'a08eac38-ff28-11ef-a048-0a0027000004', '7', 0),
('aae8d403-ff42-11ef-8924-b42e999b1679', 'a08eac38-ff28-11ef-a048-0a0027000004', '13', 0),
('aae8d43d-ff42-11ef-8924-b42e999b1679', 'a08eac55-ff28-11ef-a048-0a0027000004', '4', 1),
('aae8d479-ff42-11ef-8924-b42e999b1679', 'a08eac55-ff28-11ef-a048-0a0027000004', '3', 0),
('aae8d4b6-ff42-11ef-8924-b42e999b1679', 'a08eac55-ff28-11ef-a048-0a0027000004', '2', 0),
('aae8d4f1-ff42-11ef-8924-b42e999b1679', 'a08eac55-ff28-11ef-a048-0a0027000004', '5', 0),
('aae8d52d-ff42-11ef-8924-b42e999b1679', 'a08eac70-ff28-11ef-a048-0a0027000004', 'Tenisz', 1),
('aae8d569-ff42-11ef-8924-b42e999b1679', 'a08eac70-ff28-11ef-a048-0a0027000004', 'Röplabda', 0),
('aae8d5a6-ff42-11ef-8924-b42e999b1679', 'a08eac70-ff28-11ef-a048-0a0027000004', 'Kosárlabda', 0),
('aae8d5fe-ff42-11ef-8924-b42e999b1679', 'a08eac70-ff28-11ef-a048-0a0027000004', 'Kézilabda', 0),
('aae8d6be-ff42-11ef-8924-b42e999b1679', 'a08eac8c-ff28-11ef-a048-0a0027000004', 'Görögország', 1),
('aae8ee25-ff42-11ef-8924-b42e999b1679', 'a08eac8c-ff28-11ef-a048-0a0027000004', 'Franciaország', 0),
('aae8eeab-ff42-11ef-8924-b42e999b1679', 'a08eac8c-ff28-11ef-a048-0a0027000004', 'Egyesült Államok', 0),
('aae8eef3-ff42-11ef-8924-b42e999b1679', 'a08eac8c-ff28-11ef-a048-0a0027000004', 'Németország', 0),
('aae8ef37-ff42-11ef-8924-b42e999b1679', 'a08eaca7-ff28-11ef-a048-0a0027000004', 'Kosárlabda', 1),
('aae8ef79-ff42-11ef-8924-b42e999b1679', 'a08eaca7-ff28-11ef-a048-0a0027000004', 'Kézilabda', 0),
('aae8efbd-ff42-11ef-8924-b42e999b1679', 'a08eaca7-ff28-11ef-a048-0a0027000004', 'Jégkorong', 0),
('aae8effd-ff42-11ef-8924-b42e999b1679', 'a08eaca7-ff28-11ef-a048-0a0027000004', 'Tenisz', 0),
('aae8f03c-ff42-11ef-8924-b42e999b1679', 'a08eacc1-ff28-11ef-a048-0a0027000004', '18', 1),
('aae8f07a-ff42-11ef-8924-b42e999b1679', 'a08eacc1-ff28-11ef-a048-0a0027000004', '9', 0),
('aae8f0b5-ff42-11ef-8924-b42e999b1679', 'a08eacc1-ff28-11ef-a048-0a0027000004', '12', 0),
('aae8f0f1-ff42-11ef-8924-b42e999b1679', 'a08eacc1-ff28-11ef-a048-0a0027000004', '21', 0),
('aae8f12a-ff42-11ef-8924-b42e999b1679', 'a08eacde-ff28-11ef-a048-0a0027000004', 'Tenisz', 1),
('aae8f167-ff42-11ef-8924-b42e999b1679', 'a08eacde-ff28-11ef-a048-0a0027000004', 'Kosárlabda', 0),
('aae8f1a3-ff42-11ef-8924-b42e999b1679', 'a08eacde-ff28-11ef-a048-0a0027000004', 'Futball', 0),
('aae8f274-ff42-11ef-8924-b42e999b1679', 'a08eacde-ff28-11ef-a048-0a0027000004', 'Röplabda', 0),
('aae8f2bb-ff42-11ef-8924-b42e999b1679', 'a08eacf9-ff28-11ef-a048-0a0027000004', 'Tenisz', 1),
('aae8f2f3-ff42-11ef-8924-b42e999b1679', 'a08eacf9-ff28-11ef-a048-0a0027000004', 'Labdarúgás', 0),
('aae8f332-ff42-11ef-8924-b42e999b1679', 'a08eacf9-ff28-11ef-a048-0a0027000004', 'Kosárlabda', 0),
('aae8f370-ff42-11ef-8924-b42e999b1679', 'a08eacf9-ff28-11ef-a048-0a0027000004', 'Úszás', 0),
('aae8f3e5-ff42-11ef-8924-b42e999b1679', 'a08ead12-ff28-11ef-a048-0a0027000004', 'Labdarúgás', 1),
('aae8f422-ff42-11ef-8924-b42e999b1679', 'a08ead12-ff28-11ef-a048-0a0027000004', 'Kosárlabda', 0),
('aae8f461-ff42-11ef-8924-b42e999b1679', 'a08ead12-ff28-11ef-a048-0a0027000004', 'Röplabda', 0),
('aae8f49d-ff42-11ef-8924-b42e999b1679', 'a08ead12-ff28-11ef-a048-0a0027000004', 'Tenisz', 0),
('aae8f4d9-ff42-11ef-8924-b42e999b1679', 'a08ead2d-ff28-11ef-a048-0a0027000004', 'Labdarúgás', 1),
('aae8f515-ff42-11ef-8924-b42e999b1679', 'a08ead2d-ff28-11ef-a048-0a0027000004', 'Kosárlabda', 0),
('aae8f556-ff42-11ef-8924-b42e999b1679', 'a08ead2d-ff28-11ef-a048-0a0027000004', 'Tenisz', 0),
('aae8f592-ff42-11ef-8924-b42e999b1679', 'a08ead2d-ff28-11ef-a048-0a0027000004', 'Röplabda', 0),
('aae8f5cf-ff42-11ef-8924-b42e999b1679', 'a08ead47-ff28-11ef-a048-0a0027000004', 'Brazília', 1),
('aae8f607-ff42-11ef-8924-b42e999b1679', 'a08ead47-ff28-11ef-a048-0a0027000004', 'Németország', 0),
('aae8f6c8-ff42-11ef-8924-b42e999b1679', 'a08ead47-ff28-11ef-a048-0a0027000004', 'Argentína', 0),
('aae8f709-ff42-11ef-8924-b42e999b1679', 'a08ead47-ff28-11ef-a048-0a0027000004', 'Franciaország', 0),
('aae8f745-ff42-11ef-8924-b42e999b1679', 'a08ead65-ff28-11ef-a048-0a0027000004', '1896', 1),
('aae8f782-ff42-11ef-8924-b42e999b1679', 'a08ead65-ff28-11ef-a048-0a0027000004', '1900', 0),
('aae8f7ba-ff42-11ef-8924-b42e999b1679', 'a08ead65-ff28-11ef-a048-0a0027000004', '1924', 0),
('aae8f7fc-ff42-11ef-8924-b42e999b1679', 'a08ead65-ff28-11ef-a048-0a0027000004', '1936', 0),
('aae8f83b-ff42-11ef-8924-b42e999b1679', 'a08ead80-ff28-11ef-a048-0a0027000004', '15', 1),
('aae8f879-ff42-11ef-8924-b42e999b1679', 'a08ead80-ff28-11ef-a048-0a0027000004', '11', 0),
('aae8f8b3-ff42-11ef-8924-b42e999b1679', 'a08ead80-ff28-11ef-a048-0a0027000004', '7', 0),
('aae8f8f0-ff42-11ef-8924-b42e999b1679', 'a08ead80-ff28-11ef-a048-0a0027000004', '18', 0),
('aae8f928-ff42-11ef-8924-b42e999b1679', 'a08ead9a-ff28-11ef-a048-0a0027000004', 'Tenisz', 1),
('aae8f95f-ff42-11ef-8924-b42e999b1679', 'a08ead9a-ff28-11ef-a048-0a0027000004', 'Kosárlabda', 0),
('aae8f99b-ff42-11ef-8924-b42e999b1679', 'a08ead9a-ff28-11ef-a048-0a0027000004', 'Golf', 0),
('aae8f9d6-ff42-11ef-8924-b42e999b1679', 'a08ead9a-ff28-11ef-a048-0a0027000004', 'Forma-1', 0),
('aae8fa10-ff42-11ef-8924-b42e999b1679', 'a08eadb6-ff28-11ef-a048-0a0027000004', 'Egyesült Államok', 1),
('aae8fa50-ff42-11ef-8924-b42e999b1679', 'a08eadb6-ff28-11ef-a048-0a0027000004', 'Spanyolország', 0),
('aae8fa91-ff42-11ef-8924-b42e999b1679', 'a08eadb6-ff28-11ef-a048-0a0027000004', 'Franciaország', 0),
('aae8facd-ff42-11ef-8924-b42e999b1679', 'a08eadb6-ff28-11ef-a048-0a0027000004', 'Ausztrália', 0),
('aae8fb0e-ff42-11ef-8924-b42e999b1679', 'a08eadd1-ff28-11ef-a048-0a0027000004', 'Labdarúgás', 1),
('aae8fb4a-ff42-11ef-8924-b42e999b1679', 'a08eadd1-ff28-11ef-a048-0a0027000004', 'Kosárlabda', 0),
('aae8fb89-ff42-11ef-8924-b42e999b1679', 'a08eadd1-ff28-11ef-a048-0a0027000004', 'Röplabda', 0),
('aae8fbce-ff42-11ef-8924-b42e999b1679', 'a08eadd1-ff28-11ef-a048-0a0027000004', 'Tenisz', 0),
('aae8fc08-ff42-11ef-8924-b42e999b1679', 'a08eafc6-ff28-11ef-a048-0a0027000004', 'Kanada', 1),
('aae8fc46-ff42-11ef-8924-b42e999b1679', 'a08eafc6-ff28-11ef-a048-0a0027000004', 'Oroszország', 0),
('aae8fc82-ff42-11ef-8924-b42e999b1679', 'a08eafc6-ff28-11ef-a048-0a0027000004', 'Svédország', 0),
('aae8fccf-ff42-11ef-8924-b42e999b1679', 'a08eafc6-ff28-11ef-a048-0a0027000004', 'Finnország', 0),
('aae8fd0c-ff42-11ef-8924-b42e999b1679', 'a08eaff4-ff28-11ef-a048-0a0027000004', 'Amerikai futball', 1),
('aae8fd45-ff42-11ef-8924-b42e999b1679', 'a08eaff4-ff28-11ef-a048-0a0027000004', 'Labdarúgás', 0),
('aae8fd7f-ff42-11ef-8924-b42e999b1679', 'a08eaff4-ff28-11ef-a048-0a0027000004', 'Rögbi', 0),
('aae8fdbb-ff42-11ef-8924-b42e999b1679', 'a08eaff4-ff28-11ef-a048-0a0027000004', 'Kosárlabda', 0),
('aae8fe73-ff42-11ef-8924-b42e999b1679', 'a08eb015-ff28-11ef-a048-0a0027000004', 'Jégkorong', 1),
('aae8ff5f-ff42-11ef-8924-b42e999b1679', 'a08eb015-ff28-11ef-a048-0a0027000004', 'Kosárlabda', 0),
('aae8ffb8-ff42-11ef-8924-b42e999b1679', 'a08eb015-ff28-11ef-a048-0a0027000004', 'Tenisz', 0),
('aae90050-ff42-11ef-8924-b42e999b1679', 'a08eb015-ff28-11ef-a048-0a0027000004', 'Kézilabda', 0),
('aae90090-ff42-11ef-8924-b42e999b1679', 'a08eb02f-ff28-11ef-a048-0a0027000004', 'Atlétika', 1),
('aae900cc-ff42-11ef-8924-b42e999b1679', 'a08eb02f-ff28-11ef-a048-0a0027000004', 'Torna', 0),
('aae90107-ff42-11ef-8924-b42e999b1679', 'a08eb02f-ff28-11ef-a048-0a0027000004', 'Labdarúgás', 0),
('aae90145-ff42-11ef-8924-b42e999b1679', 'a08eb02f-ff28-11ef-a048-0a0027000004', 'Úszás', 0),
('aae90181-ff42-11ef-8924-b42e999b1679', 'a08eb04a-ff28-11ef-a048-0a0027000004', 'Michael Phelps', 1),
('aae901bf-ff42-11ef-8924-b42e999b1679', 'a08eb04a-ff28-11ef-a048-0a0027000004', 'Usain Bolt', 0),
('aae901fe-ff42-11ef-8924-b42e999b1679', 'a08eb04a-ff28-11ef-a048-0a0027000004', 'Larisa Latinyina', 0),
('aae9023f-ff42-11ef-8924-b42e999b1679', 'a08eb04a-ff28-11ef-a048-0a0027000004', 'Carl Lewis', 0),
('aae9027c-ff42-11ef-8924-b42e999b1679', 'a08eb066-ff28-11ef-a048-0a0027000004', 'Labdarúgás', 1),
('aae902b9-ff42-11ef-8924-b42e999b1679', 'a08eb066-ff28-11ef-a048-0a0027000004', 'Kosárlabda', 0),
('aae9034a-ff42-11ef-8924-b42e999b1679', 'a08eb066-ff28-11ef-a048-0a0027000004', 'Tenisz', 0),
('aae90386-ff42-11ef-8924-b42e999b1679', 'a08eb066-ff28-11ef-a048-0a0027000004', 'Forma-1', 0),
('aae903c1-ff42-11ef-8924-b42e999b1679', 'a08eb081-ff28-11ef-a048-0a0027000004', '1904', 1),
('aae903f9-ff42-11ef-8924-b42e999b1679', 'a08eb081-ff28-11ef-a048-0a0027000004', '1928', 0),
('aae90492-ff42-11ef-8924-b42e999b1679', 'a08eb081-ff28-11ef-a048-0a0027000004', '1896', 0),
('aae904ce-ff42-11ef-8924-b42e999b1679', 'a08eb081-ff28-11ef-a048-0a0027000004', '1950', 0),
('aae90507-ff42-11ef-8924-b42e999b1679', 'a08eb09b-ff28-11ef-a048-0a0027000004', 'Real Madrid', 1),
('aae90545-ff42-11ef-8924-b42e999b1679', 'a08eb09b-ff28-11ef-a048-0a0027000004', 'FC Barcelona', 0),
('aae90582-ff42-11ef-8924-b42e999b1679', 'a08eb09b-ff28-11ef-a048-0a0027000004', 'Bayern München', 0),
('aae905be-ff42-11ef-8924-b42e999b1679', 'a08eb09b-ff28-11ef-a048-0a0027000004', 'Manchester United', 0),
('aae905f9-ff42-11ef-8924-b42e999b1679', 'a08eb0b6-ff28-11ef-a048-0a0027000004', 'Jim Hines', 1),
('aae90636-ff42-11ef-8924-b42e999b1679', 'a08eb0b6-ff28-11ef-a048-0a0027000004', 'Usain Bolt', 0),
('aae90672-ff42-11ef-8924-b42e999b1679', 'a08eb0b6-ff28-11ef-a048-0a0027000004', 'Carl Lewis', 0),
('aae906b0-ff42-11ef-8924-b42e999b1679', 'a08eb0b6-ff28-11ef-a048-0a0027000004', 'Maurice Greene', 0),
('aae906eb-ff42-11ef-8924-b42e999b1679', 'a08eb0d3-ff28-11ef-a048-0a0027000004', 'Úszás', 1),
('aae90774-ff42-11ef-8924-b42e999b1679', 'a08eb0d3-ff28-11ef-a048-0a0027000004', 'Torna', 0),
('aae907ff-ff42-11ef-8924-b42e999b1679', 'a08eb0d3-ff28-11ef-a048-0a0027000004', 'Atlétika', 0),
('aae90877-ff42-11ef-8924-b42e999b1679', 'a08eb0d3-ff28-11ef-a048-0a0027000004', 'Kerékpározás', 0),
('aae908bd-ff42-11ef-8924-b42e999b1679', 'a08eb0f0-ff28-11ef-a048-0a0027000004', '1950', 1),
('aae908f8-ff42-11ef-8924-b42e999b1679', 'a08eb0f0-ff28-11ef-a048-0a0027000004', '1946', 0),
('aae90932-ff42-11ef-8924-b42e999b1679', 'a08eb0f0-ff28-11ef-a048-0a0027000004', '1960', 0),
('aae9096d-ff42-11ef-8924-b42e999b1679', 'a08eb0f0-ff28-11ef-a048-0a0027000004', '1972', 0),
('aae909a7-ff42-11ef-8924-b42e999b1679', 'a08eb10a-ff28-11ef-a048-0a0027000004', 'Hajós Alfréd', 1),
('aae90a1e-ff42-11ef-8924-b42e999b1679', 'a08eb10a-ff28-11ef-a048-0a0027000004', 'Egerszegi Krisztina', 0),
('aae90a63-ff42-11ef-8924-b42e999b1679', 'a08eb10a-ff28-11ef-a048-0a0027000004', 'Papp László', 0),
('aae90aa2-ff42-11ef-8924-b42e999b1679', 'a08eb10a-ff28-11ef-a048-0a0027000004', 'Darnyi Tamás', 0),
('aae90add-ff42-11ef-8924-b42e999b1679', 'a08eb1a1-ff28-11ef-a048-0a0027000004', 'Egyesült Államok', 1),
('aae90b18-ff42-11ef-8924-b42e999b1679', 'a08eb1a1-ff28-11ef-a048-0a0027000004', 'Ausztrália', 0),
('aae90b52-ff42-11ef-8924-b42e999b1679', 'a08eb1a1-ff28-11ef-a048-0a0027000004', 'Kína', 0),
('aae90b8d-ff42-11ef-8924-b42e999b1679', 'a08eb1a1-ff28-11ef-a048-0a0027000004', 'Oroszország', 0),
('aae90c83-ff42-11ef-8924-b42e999b1679', 'a08eb1c2-ff28-11ef-a048-0a0027000004', 'Wimbledon', 1),
('aae90cc7-ff42-11ef-8924-b42e999b1679', 'a08eb1c2-ff28-11ef-a048-0a0027000004', 'Roland Garros', 0),
('aae90d03-ff42-11ef-8924-b42e999b1679', 'a08eb1c2-ff28-11ef-a048-0a0027000004', 'US Open', 0),
('aae90d3f-ff42-11ef-8924-b42e999b1679', 'a08eb1c2-ff28-11ef-a048-0a0027000004', 'Australian Open', 0),
('aae90d7c-ff42-11ef-8924-b42e999b1679', 'b1b246e7-ff28-11ef-a048-0a0027000004', 'Arany János', 1),
('aae90db8-ff42-11ef-8924-b42e999b1679', 'b1b246e7-ff28-11ef-a048-0a0027000004', 'Petőfi Sándor', 0),
('aae90df4-ff42-11ef-8924-b42e999b1679', 'b1b246e7-ff28-11ef-a048-0a0027000004', 'Jókai Mór', 0),
('aae90e2e-ff42-11ef-8924-b42e999b1679', 'b1b246e7-ff28-11ef-a048-0a0027000004', 'Vörösmarty Mihály', 0),
('aae90e67-ff42-11ef-8924-b42e999b1679', 'b1b24707-ff28-11ef-a048-0a0027000004', 'Molnár Ferenc', 1),
('aae90ea9-ff42-11ef-8924-b42e999b1679', 'b1b24707-ff28-11ef-a048-0a0027000004', 'Móricz Zsigmond', 0),
('aae90ee6-ff42-11ef-8924-b42e999b1679', 'b1b24707-ff28-11ef-a048-0a0027000004', 'Mikszáth Kálmán', 0),
('aae90f24-ff42-11ef-8924-b42e999b1679', 'b1b24707-ff28-11ef-a048-0a0027000004', 'Jókai Mór', 0),
('aae90f5d-ff42-11ef-8924-b42e999b1679', 'b1b24728-ff28-11ef-a048-0a0027000004', 'Petőfi Sándor', 1),
('aae90f95-ff42-11ef-8924-b42e999b1679', 'b1b24728-ff28-11ef-a048-0a0027000004', 'Arany János', 0),
('aae90fd1-ff42-11ef-8924-b42e999b1679', 'b1b24728-ff28-11ef-a048-0a0027000004', 'Ady Endre', 0),
('aae91068-ff42-11ef-8924-b42e999b1679', 'b1b24728-ff28-11ef-a048-0a0027000004', 'József Attila', 0),
('aae910b1-ff42-11ef-8924-b42e999b1679', 'b1b24748-ff28-11ef-a048-0a0027000004', 'Gárdonyi Géza', 1),
('aae910ec-ff42-11ef-8924-b42e999b1679', 'b1b24748-ff28-11ef-a048-0a0027000004', 'Mikszáth Kálmán', 0),
('aae91128-ff42-11ef-8924-b42e999b1679', 'b1b24748-ff28-11ef-a048-0a0027000004', 'Móricz Zsigmond', 0),
('aae91162-ff42-11ef-8924-b42e999b1679', 'b1b24748-ff28-11ef-a048-0a0027000004', 'Jókai Mór', 0),
('aae9119c-ff42-11ef-8924-b42e999b1679', 'b1b2476d-ff28-11ef-a048-0a0027000004', 'William Shakespeare', 1),
('aae911d3-ff42-11ef-8924-b42e999b1679', 'b1b2476d-ff28-11ef-a048-0a0027000004', 'Charles Dickens', 0),
('aae91216-ff42-11ef-8924-b42e999b1679', 'b1b2476d-ff28-11ef-a048-0a0027000004', 'George Orwell', 0),
('aae91251-ff42-11ef-8924-b42e999b1679', 'b1b2476d-ff28-11ef-a048-0a0027000004', 'Jane Austen', 0),
('aae9128a-ff42-11ef-8924-b42e999b1679', 'b1b2478d-ff28-11ef-a048-0a0027000004', 'Móricz Zsigmond', 1),
('aae912c3-ff42-11ef-8924-b42e999b1679', 'b1b2478d-ff28-11ef-a048-0a0027000004', 'Gárdonyi Géza', 0),
('aae912fe-ff42-11ef-8924-b42e999b1679', 'b1b2478d-ff28-11ef-a048-0a0027000004', 'Mikszáth Kálmán', 0),
('aae91338-ff42-11ef-8924-b42e999b1679', 'b1b2478d-ff28-11ef-a048-0a0027000004', 'Jókai Mór', 0),
('aae913ff-ff42-11ef-8924-b42e999b1679', 'b1b247ac-ff28-11ef-a048-0a0027000004', 'József Attila', 1),
('aae914cd-ff42-11ef-8924-b42e999b1679', 'b1b247ac-ff28-11ef-a048-0a0027000004', 'Radnóti Miklós', 0),
('aae91538-ff42-11ef-8924-b42e999b1679', 'b1b247ac-ff28-11ef-a048-0a0027000004', 'Ady Endre', 0),
('aae91587-ff42-11ef-8924-b42e999b1679', 'b1b247ac-ff28-11ef-a048-0a0027000004', 'Petőfi Sándor', 0),
('aae915d3-ff42-11ef-8924-b42e999b1679', 'b1b247cd-ff28-11ef-a048-0a0027000004', 'Robinson Crusoe', 1),
('aae9161c-ff42-11ef-8924-b42e999b1679', 'b1b247cd-ff28-11ef-a048-0a0027000004', 'Huckleberry Finn', 0),
('aae9166c-ff42-11ef-8924-b42e999b1679', 'b1b247cd-ff28-11ef-a048-0a0027000004', 'Tom Sawyer', 0),
('aae92fb5-ff42-11ef-8924-b42e999b1679', 'b1b247cd-ff28-11ef-a048-0a0027000004', 'Gulliver', 0),
('aae931d2-ff42-11ef-8924-b42e999b1679', 'b1b247eb-ff28-11ef-a048-0a0027000004', 'Homérosz', 1),
('aae9322c-ff42-11ef-8924-b42e999b1679', 'b1b247eb-ff28-11ef-a048-0a0027000004', 'Szophoklész', 0),
('aae93282-ff42-11ef-8924-b42e999b1679', 'b1b247eb-ff28-11ef-a048-0a0027000004', 'Arisztophanész', 0),
('aae932cc-ff42-11ef-8924-b42e999b1679', 'b1b247eb-ff28-11ef-a048-0a0027000004', 'Euripidész', 0),
('aae9330f-ff42-11ef-8924-b42e999b1679', 'b1b24809-ff28-11ef-a048-0a0027000004', 'Petőfi Sándor', 1),
('aae93353-ff42-11ef-8924-b42e999b1679', 'b1b24809-ff28-11ef-a048-0a0027000004', 'Arany János', 0),
('aae9567f-ff42-11ef-8924-b42e999b1679', 'b1b24809-ff28-11ef-a048-0a0027000004', 'József Attila', 0),
('aae95710-ff42-11ef-8924-b42e999b1679', 'b1b24809-ff28-11ef-a048-0a0027000004', 'Ady Endre', 0),
('aae95771-ff42-11ef-8924-b42e999b1679', 'b1b2482a-ff28-11ef-a048-0a0027000004', 'Ady Endre', 1),
('aae957b9-ff42-11ef-8924-b42e999b1679', 'b1b2482a-ff28-11ef-a048-0a0027000004', 'Babits Mihály', 0),
('aae95802-ff42-11ef-8924-b42e999b1679', 'b1b2482a-ff28-11ef-a048-0a0027000004', 'József Attila', 0),
('aae95847-ff42-11ef-8924-b42e999b1679', 'b1b2482a-ff28-11ef-a048-0a0027000004', 'Kosztolányi Dezső', 0),
('aae9588c-ff42-11ef-8924-b42e999b1679', 'b1b2484f-ff28-11ef-a048-0a0027000004', 'A per', 1),
('aae958cb-ff42-11ef-8924-b42e999b1679', 'b1b2484f-ff28-11ef-a048-0a0027000004', 'Az átváltozás', 0),
('aae9590b-ff42-11ef-8924-b42e999b1679', 'b1b2484f-ff28-11ef-a048-0a0027000004', 'A kastély', 0),
('aae95949-ff42-11ef-8924-b42e999b1679', 'b1b2484f-ff28-11ef-a048-0a0027000004', 'Az éhezőművész', 0),
('aae95997-ff42-11ef-8924-b42e999b1679', 'b1b2486e-ff28-11ef-a048-0a0027000004', 'Johann Wolfgang von Goethe', 1),
('aae959d8-ff42-11ef-8924-b42e999b1679', 'b1b2486e-ff28-11ef-a048-0a0027000004', 'Friedrich Schiller', 0),
('aae95a1a-ff42-11ef-8924-b42e999b1679', 'b1b2486e-ff28-11ef-a048-0a0027000004', 'Immanuel Kant', 0);
INSERT INTO `answers` (`id`, `question_id`, `answer_text`, `correct`) VALUES
('aae95a58-ff42-11ef-8924-b42e999b1679', 'b1b2486e-ff28-11ef-a048-0a0027000004', 'Gotthold Ephraim Lessing', 0),
('aae95a9f-ff42-11ef-8924-b42e999b1679', 'b1b2488e-ff28-11ef-a048-0a0027000004', 'Madách Imre', 1),
('aae95ad9-ff42-11ef-8924-b42e999b1679', 'b1b2488e-ff28-11ef-a048-0a0027000004', 'Katona József', 0),
('aae95b17-ff42-11ef-8924-b42e999b1679', 'b1b2488e-ff28-11ef-a048-0a0027000004', 'Mikszáth Kálmán', 0),
('aae95b53-ff42-11ef-8924-b42e999b1679', 'b1b2488e-ff28-11ef-a048-0a0027000004', 'Vörösmarty Mihály', 0),
('aae95b94-ff42-11ef-8924-b42e999b1679', 'b1b248ad-ff28-11ef-a048-0a0027000004', 'József Attila', 1),
('aae95bd1-ff42-11ef-8924-b42e999b1679', 'b1b248ad-ff28-11ef-a048-0a0027000004', 'Radnóti Miklós', 0),
('aae95c11-ff42-11ef-8924-b42e999b1679', 'b1b248ad-ff28-11ef-a048-0a0027000004', 'Ady Endre', 0),
('aae95c4d-ff42-11ef-8924-b42e999b1679', 'b1b248ad-ff28-11ef-a048-0a0027000004', 'Kosztolányi Dezső', 0),
('aae95c8e-ff42-11ef-8924-b42e999b1679', 'b1b248ce-ff28-11ef-a048-0a0027000004', 'William Shakespeare', 1),
('aae95ccc-ff42-11ef-8924-b42e999b1679', 'b1b248ce-ff28-11ef-a048-0a0027000004', 'Jane Austen', 0),
('aae95d0a-ff42-11ef-8924-b42e999b1679', 'b1b248ce-ff28-11ef-a048-0a0027000004', 'Charles Dickens', 0),
('aae95d48-ff42-11ef-8924-b42e999b1679', 'b1b248ce-ff28-11ef-a048-0a0027000004', 'Oscar Wilde', 0),
('aae95d85-ff42-11ef-8924-b42e999b1679', 'b1b24944-ff28-11ef-a048-0a0027000004', 'Történelmi regény', 1),
('aae95dc7-ff42-11ef-8924-b42e999b1679', 'b1b24944-ff28-11ef-a048-0a0027000004', 'Szürrealista regény', 0),
('aae95e05-ff42-11ef-8924-b42e999b1679', 'b1b24944-ff28-11ef-a048-0a0027000004', 'Science fiction', 0),
('aae95e40-ff42-11ef-8924-b42e999b1679', 'b1b24944-ff28-11ef-a048-0a0027000004', 'Posztmodern regény', 0),
('aae95e7e-ff42-11ef-8924-b42e999b1679', 'b1b24984-ff28-11ef-a048-0a0027000004', 'Kölcsey Ferenc', 1),
('aae95ebc-ff42-11ef-8924-b42e999b1679', 'b1b24984-ff28-11ef-a048-0a0027000004', 'Petőfi Sándor', 0),
('aae95efc-ff42-11ef-8924-b42e999b1679', 'b1b24984-ff28-11ef-a048-0a0027000004', 'Arany János', 0),
('aae95f38-ff42-11ef-8924-b42e999b1679', 'b1b24984-ff28-11ef-a048-0a0027000004', 'Vörösmarty Mihály', 0),
('aae95f72-ff42-11ef-8924-b42e999b1679', 'b1b249a3-ff28-11ef-a048-0a0027000004', 'Petőfi Sándor', 1),
('aae95fbb-ff42-11ef-8924-b42e999b1679', 'b1b249a3-ff28-11ef-a048-0a0027000004', 'Ady Endre', 0),
('aae95ffe-ff42-11ef-8924-b42e999b1679', 'b1b249a3-ff28-11ef-a048-0a0027000004', 'József Attila', 0),
('aae96068-ff42-11ef-8924-b42e999b1679', 'b1b249a3-ff28-11ef-a048-0a0027000004', 'Kosztolányi Dezső', 0),
('aae960ab-ff42-11ef-8924-b42e999b1679', 'b1b249c3-ff28-11ef-a048-0a0027000004', 'Ignotus', 1),
('aae960ed-ff42-11ef-8924-b42e999b1679', 'b1b249c3-ff28-11ef-a048-0a0027000004', 'Móricz Zsigmond', 0),
('aae9612f-ff42-11ef-8924-b42e999b1679', 'b1b249c3-ff28-11ef-a048-0a0027000004', 'Kosztolányi Dezső', 0),
('aae96171-ff42-11ef-8924-b42e999b1679', 'b1b249c3-ff28-11ef-a048-0a0027000004', 'Babits Mihály', 0),
('aae961b0-ff42-11ef-8924-b42e999b1679', 'b1b249e5-ff28-11ef-a048-0a0027000004', 'Kertész Imre', 1),
('aae961ee-ff42-11ef-8924-b42e999b1679', 'b1b249e5-ff28-11ef-a048-0a0027000004', 'Márai Sándor', 0),
('aae9622e-ff42-11ef-8924-b42e999b1679', 'b1b249e5-ff28-11ef-a048-0a0027000004', 'Kosztolányi Dezső', 0),
('aae96272-ff42-11ef-8924-b42e999b1679', 'b1b249e5-ff28-11ef-a048-0a0027000004', 'Nádas Péter', 0),
('aae962b6-ff42-11ef-8924-b42e999b1679', 'b1b24a07-ff28-11ef-a048-0a0027000004', 'Illyés Gyula', 1),
('aae962f2-ff42-11ef-8924-b42e999b1679', 'b1b24a07-ff28-11ef-a048-0a0027000004', 'József Attila', 0),
('aae9632e-ff42-11ef-8924-b42e999b1679', 'b1b24a07-ff28-11ef-a048-0a0027000004', 'Radnóti Miklós', 0),
('aae9636e-ff42-11ef-8924-b42e999b1679', 'b1b24a07-ff28-11ef-a048-0a0027000004', 'Weöres Sándor', 0),
('aae963ad-ff42-11ef-8924-b42e999b1679', 'b1b24a2c-ff28-11ef-a048-0a0027000004', 'Ottlik Géza', 1),
('aae963ee-ff42-11ef-8924-b42e999b1679', 'b1b24a2c-ff28-11ef-a048-0a0027000004', 'Kosztolányi Dezső', 0),
('aae96431-ff42-11ef-8924-b42e999b1679', 'b1b24a2c-ff28-11ef-a048-0a0027000004', 'Móricz Zsigmond', 0),
('aae96470-ff42-11ef-8924-b42e999b1679', 'b1b24a2c-ff28-11ef-a048-0a0027000004', 'Németh László', 0),
('aae964b3-ff42-11ef-8924-b42e999b1679', 'b1b24a4e-ff28-11ef-a048-0a0027000004', 'Marcel Proust', 1),
('aae964f1-ff42-11ef-8924-b42e999b1679', 'b1b24a4e-ff28-11ef-a048-0a0027000004', 'Gustave Flaubert', 0),
('aae96538-ff42-11ef-8924-b42e999b1679', 'b1b24a4e-ff28-11ef-a048-0a0027000004', 'Victor Hugo', 0),
('aae96574-ff42-11ef-8924-b42e999b1679', 'b1b24a4e-ff28-11ef-a048-0a0027000004', 'Émile Zola', 0),
('aae965b0-ff42-11ef-8924-b42e999b1679', 'b1b24a70-ff28-11ef-a048-0a0027000004', 'Homérosz', 1),
('aae965ea-ff42-11ef-8924-b42e999b1679', 'b1b24a70-ff28-11ef-a048-0a0027000004', 'Szophoklész', 0),
('aae96626-ff42-11ef-8924-b42e999b1679', 'b1b24a70-ff28-11ef-a048-0a0027000004', 'Arisztotelész', 0),
('aae96663-ff42-11ef-8924-b42e999b1679', 'b1b24a70-ff28-11ef-a048-0a0027000004', 'Euripidész', 0),
('aae9669f-ff42-11ef-8924-b42e999b1679', 'b1b24a8f-ff28-11ef-a048-0a0027000004', 'William Shakespeare', 1),
('aae966df-ff42-11ef-8924-b42e999b1679', 'b1b24a8f-ff28-11ef-a048-0a0027000004', 'John Milton', 0),
('aae9671a-ff42-11ef-8924-b42e999b1679', 'b1b24a8f-ff28-11ef-a048-0a0027000004', 'Geoffrey Chaucer', 0),
('aae96755-ff42-11ef-8924-b42e999b1679', 'b1b24a8f-ff28-11ef-a048-0a0027000004', 'Christopher Marlowe', 0),
('aae96794-ff42-11ef-8924-b42e999b1679', 'b1b24aae-ff28-11ef-a048-0a0027000004', 'Hermann Hesse', 1),
('aae967d2-ff42-11ef-8924-b42e999b1679', 'b1b24aae-ff28-11ef-a048-0a0027000004', 'Thomas Mann', 0),
('aae9680e-ff42-11ef-8924-b42e999b1679', 'b1b24aae-ff28-11ef-a048-0a0027000004', 'Franz Kafka', 0),
('aae9684e-ff42-11ef-8924-b42e999b1679', 'b1b24aae-ff28-11ef-a048-0a0027000004', 'Günter Grass', 0),
('aae9688d-ff42-11ef-8924-b42e999b1679', 'b1b24ace-ff28-11ef-a048-0a0027000004', 'Gabriel García Márquez', 1),
('aae968ca-ff42-11ef-8924-b42e999b1679', 'b1b24ace-ff28-11ef-a048-0a0027000004', 'Jorge Luis Borges', 0),
('aae96908-ff42-11ef-8924-b42e999b1679', 'b1b24ace-ff28-11ef-a048-0a0027000004', 'Mario Vargas Llosa', 0),
('aae96949-ff42-11ef-8924-b42e999b1679', 'b1b24ace-ff28-11ef-a048-0a0027000004', 'Isabel Allende', 0),
('aae9698c-ff42-11ef-8924-b42e999b1679', 'b1b24aeb-ff28-11ef-a048-0a0027000004', 'Molnár Ferenc', 1),
('aae969dd-ff42-11ef-8924-b42e999b1679', 'b1b24aeb-ff28-11ef-a048-0a0027000004', 'Kosztolányi Dezső', 0),
('aae96a1d-ff42-11ef-8924-b42e999b1679', 'b1b24aeb-ff28-11ef-a048-0a0027000004', 'Móricz Zsigmond', 0),
('aae96a5d-ff42-11ef-8924-b42e999b1679', 'b1b24aeb-ff28-11ef-a048-0a0027000004', 'Gárdonyi Géza', 0),
('aae96aad-ff42-11ef-8924-b42e999b1679', 'b1b24b0e-ff28-11ef-a048-0a0027000004', 'Ady Endre', 1),
('aae96af1-ff42-11ef-8924-b42e999b1679', 'b1b24b0e-ff28-11ef-a048-0a0027000004', 'József Attila', 0),
('aae96b40-ff42-11ef-8924-b42e999b1679', 'b1b24b0e-ff28-11ef-a048-0a0027000004', 'Radnóti Miklós', 0),
('aae96b8a-ff42-11ef-8924-b42e999b1679', 'b1b24b0e-ff28-11ef-a048-0a0027000004', 'Babits Mihály', 0);

-- --------------------------------------------------------

--
-- Tábla szerkezet ehhez a táblához `aspnetroleclaims`
--

CREATE TABLE `aspnetroleclaims` (
  `Id` int(11) NOT NULL,
  `RoleId` varchar(255) COLLATE utf8_hungarian_ci NOT NULL,
  `ClaimType` longtext COLLATE utf8_hungarian_ci DEFAULT NULL,
  `ClaimValue` longtext COLLATE utf8_hungarian_ci DEFAULT NULL
) ENGINE=InnoDB DEFAULT CHARSET=utf8 COLLATE=utf8_hungarian_ci;

-- --------------------------------------------------------

--
-- Tábla szerkezet ehhez a táblához `aspnetroles`
--

CREATE TABLE `aspnetroles` (
  `Id` varchar(255) COLLATE utf8_hungarian_ci NOT NULL,
  `Name` varchar(256) COLLATE utf8_hungarian_ci DEFAULT NULL,
  `NormalizedName` varchar(256) COLLATE utf8_hungarian_ci DEFAULT NULL,
  `ConcurrencyStamp` longtext COLLATE utf8_hungarian_ci DEFAULT NULL
) ENGINE=InnoDB DEFAULT CHARSET=utf8 COLLATE=utf8_hungarian_ci;

--
-- A tábla adatainak kiíratása `aspnetroles`
--

INSERT INTO `aspnetroles` (`Id`, `Name`, `NormalizedName`, `ConcurrencyStamp`) VALUES
('9552b070-3f93-4921-bebd-ee5d8c8317b8', 'User', 'USER', NULL),
('a480dbc4-6bab-4bdf-9c99-87bcd7d4b4d8', 'Admin', 'ADMIN', NULL);

-- --------------------------------------------------------

--
-- Tábla szerkezet ehhez a táblához `aspnetuserclaims`
--

CREATE TABLE `aspnetuserclaims` (
  `Id` int(11) NOT NULL,
  `UserId` varchar(255) COLLATE utf8_hungarian_ci NOT NULL,
  `ClaimType` longtext COLLATE utf8_hungarian_ci DEFAULT NULL,
  `ClaimValue` longtext COLLATE utf8_hungarian_ci DEFAULT NULL
) ENGINE=InnoDB DEFAULT CHARSET=utf8 COLLATE=utf8_hungarian_ci;

-- --------------------------------------------------------

--
-- Tábla szerkezet ehhez a táblához `aspnetuserlogins`
--

CREATE TABLE `aspnetuserlogins` (
  `LoginProvider` varchar(255) COLLATE utf8_hungarian_ci NOT NULL,
  `ProviderKey` varchar(255) COLLATE utf8_hungarian_ci NOT NULL,
  `ProviderDisplayName` longtext COLLATE utf8_hungarian_ci DEFAULT NULL,
  `UserId` varchar(255) COLLATE utf8_hungarian_ci NOT NULL
) ENGINE=InnoDB DEFAULT CHARSET=utf8 COLLATE=utf8_hungarian_ci;

-- --------------------------------------------------------

--
-- Tábla szerkezet ehhez a táblához `aspnetuserroles`
--

CREATE TABLE `aspnetuserroles` (
  `UserId` varchar(255) COLLATE utf8_hungarian_ci NOT NULL,
  `RoleId` varchar(255) COLLATE utf8_hungarian_ci NOT NULL
) ENGINE=InnoDB DEFAULT CHARSET=utf8 COLLATE=utf8_hungarian_ci;

--
-- A tábla adatainak kiíratása `aspnetuserroles`
--

INSERT INTO `aspnetuserroles` (`UserId`, `RoleId`) VALUES
('079598d7-0d44-4b34-8d67-a7f0ca548ce9', '9552b070-3f93-4921-bebd-ee5d8c8317b8'),
('31759307-9074-4c61-8006-697eae04f8c6', '9552b070-3f93-4921-bebd-ee5d8c8317b8'),
('3d0c0d46-4d1c-40ba-9213-a4ddcb113e59', '9552b070-3f93-4921-bebd-ee5d8c8317b8'),
('4e728bb3-329b-48cc-b1b2-3ec0b701b344', 'a480dbc4-6bab-4bdf-9c99-87bcd7d4b4d8'),
('5fe3921d-c391-4843-8305-72ed6b9d86c7', 'a480dbc4-6bab-4bdf-9c99-87bcd7d4b4d8'),
('75443ec5-f462-4355-bc46-7622589c9e39', '9552b070-3f93-4921-bebd-ee5d8c8317b8'),
('7cb886b1-537b-4998-a386-27979733fbf3', '9552b070-3f93-4921-bebd-ee5d8c8317b8'),
('9152a7d8-f665-4721-872e-1ab7de9941c1', '9552b070-3f93-4921-bebd-ee5d8c8317b8'),
('969471d9-f571-4862-bb6a-d7c5569af23b', '9552b070-3f93-4921-bebd-ee5d8c8317b8'),
('be4a2cb1-5c23-44ec-ae67-7640978b347c', '9552b070-3f93-4921-bebd-ee5d8c8317b8'),
('e9a5d335-21e0-4368-b045-b84f3debc913', '9552b070-3f93-4921-bebd-ee5d8c8317b8');

-- --------------------------------------------------------

--
-- Tábla szerkezet ehhez a táblához `aspnetusers`
--

CREATE TABLE `aspnetusers` (
  `Id` varchar(255) COLLATE utf8_hungarian_ci NOT NULL,
  `FullName` longtext COLLATE utf8_hungarian_ci DEFAULT NULL,
  `BirthDate` datetime(6) NOT NULL,
  `UserName` varchar(256) COLLATE utf8_hungarian_ci DEFAULT NULL,
  `NormalizedUserName` varchar(256) COLLATE utf8_hungarian_ci DEFAULT NULL,
  `Email` varchar(256) COLLATE utf8_hungarian_ci DEFAULT NULL,
  `NormalizedEmail` varchar(256) COLLATE utf8_hungarian_ci DEFAULT NULL,
  `EmailConfirmed` tinyint(1) NOT NULL,
  `PasswordHash` longtext COLLATE utf8_hungarian_ci DEFAULT NULL,
  `SecurityStamp` longtext COLLATE utf8_hungarian_ci DEFAULT NULL,
  `ConcurrencyStamp` longtext COLLATE utf8_hungarian_ci DEFAULT NULL,
  `PhoneNumber` longtext COLLATE utf8_hungarian_ci DEFAULT NULL,
  `PhoneNumberConfirmed` tinyint(1) NOT NULL,
  `TwoFactorEnabled` tinyint(1) NOT NULL,
  `LockoutEnd` datetime DEFAULT NULL,
  `LockoutEnabled` tinyint(1) NOT NULL,
  `AccessFailedCount` int(11) NOT NULL
) ENGINE=InnoDB DEFAULT CHARSET=utf8 COLLATE=utf8_hungarian_ci;

--
-- A tábla adatainak kiíratása `aspnetusers`
--

INSERT INTO `aspnetusers` (`Id`, `FullName`, `BirthDate`, `UserName`, `NormalizedUserName`, `Email`, `NormalizedEmail`, `EmailConfirmed`, `PasswordHash`, `SecurityStamp`, `ConcurrencyStamp`, `PhoneNumber`, `PhoneNumberConfirmed`, `TwoFactorEnabled`, `LockoutEnd`, `LockoutEnabled`, `AccessFailedCount`) VALUES
('079598d7-0d44-4b34-8d67-a7f0ca548ce9', NULL, '0000-00-00 00:00:00.000000', 'asdasd', 'ASDASD', 'asds@gmail.com', 'ASDS@GMAIL.COM', 0, 'AQAAAAIAAYagAAAAECe+Iexhzih8VbmtaYNzfI3L99GMB12VvUH31Pxl4PQFPmYuMKCaN7IW3feSQgHn8g==', 'VG6O3IKEY6O46RNJKANQSB2HRVBIRQZW', 'e3a34363-a571-4821-9651-cc24771496cd', NULL, 0, 0, NULL, 1, 0),
('31759307-9074-4c61-8006-697eae04f8c6', NULL, '0000-00-00 00:00:00.000000', 'test1', 'TEST1', 'test1@citromail.com', 'TEST1@CITROMAIL.COM', 0, 'AQAAAAIAAYagAAAAEMGFNLcxLIe449xMLy8TgUZub1UBKFbCWxkqbaZ3UE6wJDows1yWNipb38FIkGfxhQ==', 'VGA3BO7LSII2DHHSS72BIZY3BBLSUAPT', 'f421c1f9-21e7-4bd6-87ba-cc7d3a57a394', NULL, 0, 0, NULL, 1, 0),
('3d0c0d46-4d1c-40ba-9213-a4ddcb113e59', NULL, '0000-00-00 00:00:00.000000', 'test7', 'TEST7', 'test7@citromail.com', 'TEST7@CITROMAIL.COM', 0, 'AQAAAAIAAYagAAAAEFqhZ7/BGDwSJkqZQtqt/Ic7rn+OWDq4XuuVDpHNiMN8+gesAt5YcFg/DMLmxdoy2w==', '3BELHLBDIJ3TS6KST2Y5C3VYMKXWXBVX', 'bbb9ebe5-b8b3-4090-a8d0-1fdffc97820d', NULL, 0, 0, NULL, 1, 0),
('4e728bb3-329b-48cc-b1b2-3ec0b701b344', NULL, '0001-01-01 00:00:00.000000', 'famarko05', 'FAMARKO05', 'asd@gmail.com', 'ASD@GMAIL.COM', 0, 'AQAAAAIAAYagAAAAEG0EyNAPE2qdZTEPWiBlbw0EZWuEFicZKGvSKYNp7jys+CIXUqHKgySRZQECXUuIAg==', '5ES2HWGMIEAJME73UIBTOYA62TSZE3CH', '83228e98-297d-49a0-b1e1-e29e036b9c31', NULL, 0, 0, NULL, 1, 0),
('5fe3921d-c391-4843-8305-72ed6b9d86c7', NULL, '0001-01-01 00:00:00.000000', 'admin', 'ADMIN', 'admin@gmail.com', 'ADMIN@GMAIL.COM', 0, 'AQAAAAIAAYagAAAAEJsg21RGklN2wePzME+IZ7nz3wXktvvHawsZl1YOR+PlMqqqymmkAG0UnNh1IQng/w==', '6NRFGQDNDYLCMEQWOMNR3YFE45TCJZJG', '4a418373-f10d-44d5-857b-16a589aedfce', NULL, 0, 0, NULL, 1, 0),
('75443ec5-f462-4355-bc46-7622589c9e39', NULL, '0000-00-00 00:00:00.000000', 'nyenye', 'NYENYE', 'nyenyestyanb@kkszki.hu', 'NYENYESTYANB@KKSZKI.HU', 0, 'AQAAAAIAAYagAAAAEESxkibYH0+BCWDsC4VOwcpejxSZ9iUE1Me3r7C7edliR7oKb+EI1AiI8Y1ZkjV9Cg==', 'DMM5QSPCL5V6NT3GXVHXGT6K24BQW4MC', '5c341372-32b9-46b2-9d40-631db144f8bc', NULL, 0, 0, NULL, 1, 0),
('7cb886b1-537b-4998-a386-27979733fbf3', NULL, '0000-00-00 00:00:00.000000', 'test5', 'TEST5', 'test5@citromail.com', 'TEST5@CITROMAIL.COM', 0, 'AQAAAAIAAYagAAAAEBvFC3xBw9xhghYzgiFARNMYVnYB73iCVv1PHSwT4C4HteXRv1iPrMZLpew+9hoH8w==', 'AHIW7FWUFT4MDNDROATSERYVGFTEK5G6', 'fe47a603-0ebf-40ca-a909-bd87c790528a', NULL, 0, 0, NULL, 1, 0),
('9152a7d8-f665-4721-872e-1ab7de9941c1', NULL, '0000-00-00 00:00:00.000000', 'test6', 'TEST6', 'test6@citromail.com', 'TEST6@CITROMAIL.COM', 0, 'AQAAAAIAAYagAAAAEGSMBly6hlnBfE/4h+CcoPW03PWde9/lBFjJMbZvaG14ynMycZQyGCgJOkCfU5TcnQ==', 'CYXVWXF3CAR2BYC47WMD2NCQ3WIX5XNE', '6bb1751c-00f5-4126-8451-3e9b33e46cfc', NULL, 0, 0, NULL, 1, 0),
('969471d9-f571-4862-bb6a-d7c5569af23b', NULL, '0000-00-00 00:00:00.000000', 'test2', 'TEST2', 'test2@citromail.com', 'TEST2@CITROMAIL.COM', 0, 'AQAAAAIAAYagAAAAEDVxorcQgXc/ThAIP7m/OIPDoZYKhPz6q7XVoV/qQZlPFCSGddh0Y6IFU75luwndPg==', '2YJ2DMFMLPXBCICQLDH6P7J46SEYD75G', 'afef0768-3ab1-4d3e-8c3c-0879dc2190f8', NULL, 0, 0, NULL, 1, 0),
('be4a2cb1-5c23-44ec-ae67-7640978b347c', NULL, '0000-00-00 00:00:00.000000', 'test3', 'TEST3', 'test3@citromail.com', 'TEST3@CITROMAIL.COM', 0, 'AQAAAAIAAYagAAAAEAtim2ILEjApdnIXN2qw871GPRZ8NqgRBPFBmeFu3VC4q9x4bab6l32gK24+6yZGFg==', 'DZQJJXKLTUS2HF7OS6BXJEN6IKZCZLLR', '937e8858-0970-4f57-bb07-1be2570e8fb1', NULL, 0, 0, NULL, 1, 0),
('e9a5d335-21e0-4368-b045-b84f3debc913', NULL, '0000-00-00 00:00:00.000000', 'test4', 'TEST4', 'test4@citromail.com', 'TEST4@CITROMAIL.COM', 0, 'AQAAAAIAAYagAAAAEJkQLd6Q5LHuMW3///dMTutCFoKim/OcsXcrQdA6HW4+xeL39k5uV/6bLb0LN6A+6g==', 'L7AOORKSAKLFQWPSC7X5FKXZIXDMVFBS', 'e7545287-eeba-4644-a871-4a472e146700', NULL, 0, 0, NULL, 1, 0);

-- --------------------------------------------------------

--
-- Tábla szerkezet ehhez a táblához `aspnetusertokens`
--

CREATE TABLE `aspnetusertokens` (
  `UserId` varchar(255) COLLATE utf8_hungarian_ci NOT NULL,
  `LoginProvider` varchar(255) COLLATE utf8_hungarian_ci NOT NULL,
  `Name` varchar(255) COLLATE utf8_hungarian_ci NOT NULL,
  `Value` longtext COLLATE utf8_hungarian_ci DEFAULT NULL
) ENGINE=InnoDB DEFAULT CHARSET=utf8 COLLATE=utf8_hungarian_ci;

-- --------------------------------------------------------

--
-- Tábla szerkezet ehhez a táblához `attempts`
--

CREATE TABLE `attempts` (
  `id` char(36) COLLATE utf8_hungarian_ci NOT NULL,
  `uid` char(36) COLLATE utf8_hungarian_ci NOT NULL,
  `score` int(11) NOT NULL,
  `time` datetime NOT NULL
) ENGINE=InnoDB DEFAULT CHARSET=utf8 COLLATE=utf8_hungarian_ci;

--
-- A tábla adatainak kiíratása `attempts`
--

INSERT INTO `attempts` (`id`, `uid`, `score`, `time`) VALUES
('026b0dab-313a-47ce-84b5-16e8f1941079', '9152a7d8-f665-4721-872e-1ab7de9941c1', 2, '2025-04-07 10:14:26'),
('0c62666a-5aa3-4f50-8e16-d1756349cdb5', '5fe3921d-c391-4843-8305-72ed6b9d86c7', 12, '2025-03-17 10:30:09'),
('0e3f583b-8600-48ce-ad7a-593ddca7767a', '3d0c0d46-4d1c-40ba-9213-a4ddcb113e59', 1, '2025-04-07 10:16:24'),
('173371f5-905d-485e-9587-be2e1a5d2ad9', '5fe3921d-c391-4843-8305-72ed6b9d86c7', 1, '2025-03-06 11:28:10'),
('1c1ed852-65f2-4f1d-8980-c8062d7bc2d7', '969471d9-f571-4862-bb6a-d7c5569af23b', 6, '2025-04-07 10:06:46'),
('1c22d453-b2ca-4c34-9ad1-3f97a5ad774a', '5fe3921d-c391-4843-8305-72ed6b9d86c7', 1, '2025-03-06 10:59:17'),
('1cd8a2cd-33ab-4cc6-bec8-abc097ef109f', '5fe3921d-c391-4843-8305-72ed6b9d86c7', 2, '2025-03-06 11:28:02'),
('2526f4c8-29b8-4f9f-9d27-41186a48c4af', '5fe3921d-c391-4843-8305-72ed6b9d86c7', 1, '2025-03-06 10:59:40'),
('25b925b9-9cfc-41cd-8fef-0b9a054492d6', '7cb886b1-537b-4998-a386-27979733fbf3', 1, '2025-04-07 10:12:48'),
('276dd1f0-0e1d-496f-a5e1-d6c57a292f4f', '5fe3921d-c391-4843-8305-72ed6b9d86c7', 1, '2025-03-06 11:27:13'),
('27d03c16-f84a-4096-84d9-6ba2c3a3cca3', 'e9a5d335-21e0-4368-b045-b84f3debc913', 6, '2025-04-07 10:10:41'),
('2fe6c21d-cf3c-422c-af21-e0536e9c722c', '5fe3921d-c391-4843-8305-72ed6b9d86c7', 1, '2025-03-06 11:27:20'),
('31207733-666f-4ec8-a435-0712c62f961c', '5fe3921d-c391-4843-8305-72ed6b9d86c7', 0, '2025-03-06 11:11:06'),
('31d1af79-55f8-40c7-a831-2bf9d54c2722', 'be4a2cb1-5c23-44ec-ae67-7640978b347c', 4, '2025-04-07 10:09:11'),
('46e1aea1-79a8-4efe-bd08-104130b6eed7', 'be4a2cb1-5c23-44ec-ae67-7640978b347c', 3, '2025-04-07 10:09:33'),
('4c40f3e1-71a4-40d3-9163-c7cf6891c56e', '5fe3921d-c391-4843-8305-72ed6b9d86c7', 15, '2025-03-17 10:27:16'),
('50fbf887-8498-4f53-80fc-f4fd8e1e4b09', '5fe3921d-c391-4843-8305-72ed6b9d86c7', 1, '2025-03-06 11:23:46'),
('56256125-7734-48eb-a549-93663723ebdf', '9152a7d8-f665-4721-872e-1ab7de9941c1', 1, '2025-04-07 10:14:06'),
('56691b74-8768-4c7e-811a-080b12d65b9d', '5fe3921d-c391-4843-8305-72ed6b9d86c7', 2, '2025-03-24 12:32:04'),
('5e427b46-bdba-4fd8-91c9-dffc2ed2e759', '5fe3921d-c391-4843-8305-72ed6b9d86c7', 12, '2025-03-17 10:29:54'),
('7a18bb41-9b57-4e14-91b0-280ce6a2f173', '5fe3921d-c391-4843-8305-72ed6b9d86c7', 1, '2025-03-06 11:11:00'),
('8bfefea2-b06f-4e84-89f6-117a5480d84a', '75443ec5-f462-4355-bc46-7622589c9e39', 8, '2025-04-07 10:20:39'),
('97217912-bc84-4745-ab47-42f11ff77379', '3d0c0d46-4d1c-40ba-9213-a4ddcb113e59', 9, '2025-04-07 10:16:11'),
('9e51ef27-89fc-40ee-802f-3b8b84ebb02e', '31759307-9074-4c61-8006-697eae04f8c6', 9, '2025-04-07 10:04:22'),
('a0d0082a-a66c-4cf0-8c79-846a07be08b4', '75443ec5-f462-4355-bc46-7622589c9e39', 12, '2025-04-07 10:30:10'),
('bc8f3ed7-b55d-4d3f-83d1-57d6cf2c891a', '5fe3921d-c391-4843-8305-72ed6b9d86c7', 1, '2025-03-06 11:23:00'),
('c11df2da-c478-4102-bf5c-acd13b40fc24', '5fe3921d-c391-4843-8305-72ed6b9d86c7', 2, '2025-03-06 11:27:48'),
('caedd108-c6ab-4432-a7b0-8da10fb51847', '75443ec5-f462-4355-bc46-7622589c9e39', 7, '2025-04-07 10:18:52'),
('cfccae3a-77ce-4676-a39b-32c585b93488', '5fe3921d-c391-4843-8305-72ed6b9d86c7', 1, '2025-03-06 11:23:22'),
('d0eb535d-c9eb-4a38-9816-d4784db0932b', '75443ec5-f462-4355-bc46-7622589c9e39', 9, '2025-04-07 10:23:53'),
('dfde9916-36e9-4139-8836-d2b97acabe72', '31759307-9074-4c61-8006-697eae04f8c6', 12, '2025-04-07 10:03:53'),
('e4c29ff8-a1e9-4631-bed9-2c820c335a7e', 'e9a5d335-21e0-4368-b045-b84f3debc913', 4, '2025-04-07 10:11:19'),
('e8759c03-0c4e-44b8-a839-62a27199cf1f', '7cb886b1-537b-4998-a386-27979733fbf3', 6, '2025-04-07 10:13:04'),
('ebada6db-5ff7-4790-95ff-4c65e652d04c', '75443ec5-f462-4355-bc46-7622589c9e39', 1, '2025-04-07 10:27:33'),
('ef898eab-f1d4-4ead-a4b1-6dd848017400', '5fe3921d-c391-4843-8305-72ed6b9d86c7', 1, '2025-03-06 10:58:53'),
('f0164b4a-ea80-43f0-a35d-2942ea54bc98', '75443ec5-f462-4355-bc46-7622589c9e39', 1, '2025-04-07 10:25:38'),
('f64b9388-6ba5-48b8-97d8-03dfb0dc211c', '5fe3921d-c391-4843-8305-72ed6b9d86c7', 15, '2025-03-17 10:25:42'),
('fc5712fc-4546-402c-96c2-a38585c7c07f', '5fe3921d-c391-4843-8305-72ed6b9d86c7', 1, '2025-03-06 10:56:24');

-- --------------------------------------------------------

--
-- Tábla szerkezet ehhez a táblához `questions`
--

CREATE TABLE `questions` (
  `id` char(36) COLLATE utf8_hungarian_ci NOT NULL,
  `question` varchar(100) COLLATE utf8_hungarian_ci NOT NULL,
  `category` varchar(50) COLLATE utf8_hungarian_ci NOT NULL,
  `difficulty` int(32) NOT NULL
) ENGINE=InnoDB DEFAULT CHARSET=utf8 COLLATE=utf8_hungarian_ci;

--
-- A tábla adatainak kiíratása `questions`
--

INSERT INTO `questions` (`id`, `question`, `category`, `difficulty`) VALUES
('a08e79ed-ff28-11ef-a048-0a0027000004', 'Ki volt az első amerikai elnök?', 'Történelem', 1),
('a08e7a5c-ff28-11ef-a048-0a0027000004', 'Mikor kezdődött a második világháború?', 'Történelem', 1),
('a08e7a80-ff28-11ef-a048-0a0027000004', 'Mikor volt az 1848-as forradalom Magyarországon?', 'Történelem', 1),
('a08e7aa3-ff28-11ef-a048-0a0027000004', 'Melyik országban kezdődött az ipari forradalom?', 'Történelem', 1),
('a08e7ac5-ff28-11ef-a048-0a0027000004', 'Mikor volt a berlini fal leomlása?', 'Történelem', 1),
('a08e7ae4-ff28-11ef-a048-0a0027000004', 'Melyik évben kiáltották ki az USA függetlenségét?', 'Történelem', 1),
('a08e7b01-ff28-11ef-a048-0a0027000004', 'Ki volt a Hunyadi Mátyás?', 'Történelem', 1),
('a08e7b28-ff28-11ef-a048-0a0027000004', 'Melyik évben kezdődött az első világháború?', 'Történelem', 1),
('a08e7b46-ff28-11ef-a048-0a0027000004', 'Melyik uralkodó építette a versailles-i palotát?', 'Történelem', 1),
('a08e7b63-ff28-11ef-a048-0a0027000004', 'Melyik évben volt a Magna Carta aláírása?', 'Történelem', 2),
('a08e7b84-ff28-11ef-a048-0a0027000004', 'Ki volt Julius Caesar?', 'Történelem', 2),
('a08e7ba0-ff28-11ef-a048-0a0027000004', 'Melyik évben omlott össze a Római Birodalom?', 'Történelem', 2),
('a08e7bbf-ff28-11ef-a048-0a0027000004', 'Mikor kezdődött a francia forradalom?', 'Történelem', 2),
('a08e7bde-ff28-11ef-a048-0a0027000004', 'Melyik évben volt a mohácsi csata?', 'Történelem', 2),
('a08e7bfa-ff28-11ef-a048-0a0027000004', 'Ki volt Szent István?', 'Történelem', 2),
('a08e7c1c-ff28-11ef-a048-0a0027000004', 'Ki volt Napóleon?', 'Történelem', 2),
('a08e7c5a-ff28-11ef-a048-0a0027000004', 'Melyik évben volt a Waterlooi csata?', 'Történelem', 2),
('a08e7c76-ff28-11ef-a048-0a0027000004', 'Ki volt II. Ramszesz?', 'Történelem', 2),
('a08e7c91-ff28-11ef-a048-0a0027000004', 'Melyik országban kezdődött a reneszánsz?', 'Történelem', 2),
('a08e7cad-ff28-11ef-a048-0a0027000004', 'Mikor kezdődött az ókori Görögország aranykora?', 'Történelem', 3),
('a08e7cca-ff28-11ef-a048-0a0027000004', 'Melyik évben lett Magyarország a kereszténység része?', 'Történelem', 3),
('a08e7cef-ff28-11ef-a048-0a0027000004', 'Ki volt az első római császár?', 'Történelem', 3),
('a08e7d45-ff28-11ef-a048-0a0027000004', 'Melyik évben volt a Bostoni teadélután?', 'Történelem', 3),
('a08e7d97-ff28-11ef-a048-0a0027000004', 'Melyik évben kezdődött a reformáció?', 'Történelem', 3),
('a08e7db5-ff28-11ef-a048-0a0027000004', 'Ki volt az utolsó magyar király?', 'Történelem', 3),
('a08e7dcf-ff28-11ef-a048-0a0027000004', 'Mikor kezdődött a hidegháború?', 'Történelem', 3),
('a08e7def-ff28-11ef-a048-0a0027000004', 'Melyik évben volt az első olimpia az ókorban?', 'Történelem', 3),
('a08e7e13-ff28-11ef-a048-0a0027000004', 'Mikor volt a Magna Carta kiadása?', 'Történelem', 3),
('a08e7e2e-ff28-11ef-a048-0a0027000004', 'Melyik évben volt a Sztálingrádi csata?', 'Történelem', 3),
('a08e7e4c-ff28-11ef-a048-0a0027000004', 'Mi Magyarország fővárosa?', 'Földrajz', 1),
('a08e7e69-ff28-11ef-a048-0a0027000004', 'Melyik a világ legnagyobb óceánja?', 'Földrajz', 1),
('a08e7e86-ff28-11ef-a048-0a0027000004', 'Hol található a Grand Canyon?', 'Földrajz', 1),
('a08e7ea3-ff28-11ef-a048-0a0027000004', 'Melyik kontinensen található Egyiptom?', 'Földrajz', 1),
('a08e7ebe-ff28-11ef-a048-0a0027000004', 'Melyik országban található a Machu Picchu?', 'Földrajz', 1),
('a08e7eda-ff28-11ef-a048-0a0027000004', 'Melyik ország határos Magyarországgal?', 'Földrajz', 1),
('a08e7ef6-ff28-11ef-a048-0a0027000004', 'Melyik ország területe a legnagyobb?', 'Földrajz', 1),
('a08e7f12-ff28-11ef-a048-0a0027000004', 'Melyik országban található a Kilimandzsáró?', 'Földrajz', 1),
('a08e7f2d-ff28-11ef-a048-0a0027000004', 'Melyik országban található a Mariana-árok?', 'Földrajz', 1),
('a08e7f49-ff28-11ef-a048-0a0027000004', 'Melyik kontinensen található Brazília?', 'Földrajz', 1),
('a08e7f66-ff28-11ef-a048-0a0027000004', 'Melyik országban van a legmagasabb hegycsúcs?', 'Földrajz', 2),
('a08e7f82-ff28-11ef-a048-0a0027000004', 'Mi a világ leghosszabb folyója?', 'Földrajz', 2),
('a08e7fa2-ff28-11ef-a048-0a0027000004', 'Melyik a legnagyobb sivatag a világon?', 'Földrajz', 2),
('a08e7fbc-ff28-11ef-a048-0a0027000004', 'Melyik országban van a legtöbb sziget?', 'Földrajz', 2),
('a08e7fd9-ff28-11ef-a048-0a0027000004', 'Melyik városban található a Colosseum?', 'Földrajz', 2),
('a08e7ff5-ff28-11ef-a048-0a0027000004', 'Melyik országban található a Föld legnagyobb tava?', 'Földrajz', 2),
('a08e8013-ff28-11ef-a048-0a0027000004', 'Hol található a Victoria-vízesés?', 'Földrajz', 2),
('a08e802e-ff28-11ef-a048-0a0027000004', 'Melyik óceán határolja Japánt?', 'Földrajz', 2),
('a08e804a-ff28-11ef-a048-0a0027000004', 'Melyik ország fővárosa Buenos Aires?', 'Földrajz', 2),
('a08e8067-ff28-11ef-a048-0a0027000004', 'Melyik földrész rendelkezik a legkevesebb országgal?', 'Földrajz', 2),
('a08e8083-ff28-11ef-a048-0a0027000004', 'Melyik országban található a legmélyebb tó?', 'Földrajz', 3),
('a08e809e-ff28-11ef-a048-0a0027000004', 'Melyik országban található a világ leghosszabb hídja?', 'Földrajz', 3),
('a08e80bb-ff28-11ef-a048-0a0027000004', 'Melyik országban található a Victoria-vízesés?', 'Földrajz', 3),
('a08e80d6-ff28-11ef-a048-0a0027000004', 'Melyik kontinensen található a Szahara sivatag?', 'Földrajz', 3),
('a08e80f1-ff28-11ef-a048-0a0027000004', 'Melyik ország területén található az Amazonas folyó legnagyobb része?', 'Földrajz', 3),
('a08e8118-ff28-11ef-a048-0a0027000004', 'Melyik országban található a legnagyobb aktív vulkán?', 'Földrajz', 3),
('a08e8134-ff28-11ef-a048-0a0027000004', 'Hol található a Mariana-árok?', 'Földrajz', 3),
('a08e814f-ff28-11ef-a048-0a0027000004', 'Melyik ország a világ legnagyobb szigete?', 'Földrajz', 3),
('a08e816a-ff28-11ef-a048-0a0027000004', 'Melyik ország fővárosa Ulanbátor?', 'Földrajz', 3),
('a08e8184-ff28-11ef-a048-0a0027000004', 'Melyik ország határos a legtöbb másik országgal?', 'Földrajz', 3),
('a08e81a1-ff28-11ef-a048-0a0027000004', 'Mennyi 5 + 3?', 'Matematika', 1),
('a08e81bc-ff28-11ef-a048-0a0027000004', 'Mennyi 9 - 4?', 'Matematika', 1),
('a08e81d8-ff28-11ef-a048-0a0027000004', 'Mennyi 2 * 6?', 'Matematika', 1),
('a08e81f2-ff28-11ef-a048-0a0027000004', 'Mennyi 16 / 4?', 'Matematika', 1),
('a08e820d-ff28-11ef-a048-0a0027000004', 'Mennyi 10 + 10?', 'Matematika', 1),
('a08e8227-ff28-11ef-a048-0a0027000004', 'Melyik szám páros: 7, 8, 9?', 'Matematika', 1),
('a08e8242-ff28-11ef-a048-0a0027000004', 'Melyik a legkisebb prímszám?', 'Matematika', 1),
('a08e825e-ff28-11ef-a048-0a0027000004', 'Mennyi 100 - 25?', 'Matematika', 1),
('a08e8277-ff28-11ef-a048-0a0027000004', 'Melyik szám a nullával kezdődik?', 'Matematika', 1),
('a08e8293-ff28-11ef-a048-0a0027000004', 'Melyik szám osztható 3-mal: 12, 14, 15?', 'Matematika', 1),
('a08e82ad-ff28-11ef-a048-0a0027000004', 'Mennyi 15 * 8?', 'Matematika', 2),
('a08e82c6-ff28-11ef-a048-0a0027000004', 'Mennyi 144 / 12?', 'Matematika', 2),
('a08e82e0-ff28-11ef-a048-0a0027000004', 'Mennyi 2 a harmadikon?', 'Matematika', 2),
('a08e82fb-ff28-11ef-a048-0a0027000004', 'Melyik szám osztható 5-tel: 23, 25, 27?', 'Matematika', 2),
('a08e8316-ff28-11ef-a048-0a0027000004', 'Mi a háromszög belső szögeinek összege?', 'Matematika', 2),
('a08e8331-ff28-11ef-a048-0a0027000004', 'Mennyi 7 négyzetgyöke?', 'Matematika', 2),
('a08e834c-ff28-11ef-a048-0a0027000004', 'Mennyi 5 faktoriálisa?', 'Matematika', 2),
('a08e8367-ff28-11ef-a048-0a0027000004', 'Melyik a legkisebb háromjegyű szám?', 'Matematika', 2),
('a08e8382-ff28-11ef-a048-0a0027000004', 'Mennyi 81 gyöke?', 'Matematika', 2),
('a08e839b-ff28-11ef-a048-0a0027000004', 'Melyik szám osztható 6-tal: 48, 50, 52?', 'Matematika', 2),
('a08e83b7-ff28-11ef-a048-0a0027000004', 'Mi a Pí első három számjegye?', 'Matematika', 3),
('a08e83d3-ff28-11ef-a048-0a0027000004', 'Mennyi 2^10?', 'Matematika', 3),
('a08e83ec-ff28-11ef-a048-0a0027000004', 'Mennyi 13 faktoriálisa?', 'Matematika', 3),
('a08e8406-ff28-11ef-a048-0a0027000004', 'Mi az Euler-féle szám első három tizedese?', 'Matematika', 3),
('a08e8422-ff28-11ef-a048-0a0027000004', 'Melyik híres tétel szerint a derékszögű háromszög átfogójának négyzete egyenlő a befogók négyzetössz', 'Matematika', 3),
('a08eab9e-ff28-11ef-a048-0a0027000004', 'Melyik szám a Fibonacci-sorozat 10. eleme?', 'Matematika', 3),
('a08eabcb-ff28-11ef-a048-0a0027000004', 'Mennyi a természetes logaritmus alapja?', 'Matematika', 3),
('a08eabe5-ff28-11ef-a048-0a0027000004', 'Melyik szám a prímszámok között a 100. elem?', 'Matematika', 3),
('a08eac03-ff28-11ef-a048-0a0027000004', 'Mi a legnagyobb háromszámjegyű prímszám?', 'Matematika', 3),
('a08eac1d-ff28-11ef-a048-0a0027000004', 'Melyik szám az aranyarány közelítő értéke?', 'Matematika', 3),
('a08eac38-ff28-11ef-a048-0a0027000004', 'Hány játékos van egy futballcsapatban a pályán?', 'Sport', 1),
('a08eac55-ff28-11ef-a048-0a0027000004', 'Hány negyed van egy kosárlabda-mérkőzésen?', 'Sport', 1),
('a08eac70-ff28-11ef-a048-0a0027000004', 'Melyik sportágban használják a teniszhálót?', 'Sport', 1),
('a08eac8c-ff28-11ef-a048-0a0027000004', 'Melyik ország rendezte az első modern olimpiát?', 'Sport', 1),
('a08eaca7-ff28-11ef-a048-0a0027000004', 'Melyik sportágban lehet hárompontos kosarat dobni?', 'Sport', 1),
('a08eacc1-ff28-11ef-a048-0a0027000004', 'Hány lyuk van egy golfpályán egy teljes játéknál?', 'Sport', 1),
('a08eacde-ff28-11ef-a048-0a0027000004', 'Milyen sportban szerepel a \"szerva\" kifejezés?', 'Sport', 1),
('a08eacf9-ff28-11ef-a048-0a0027000004', 'Melyik sportban van ütő és labda?', 'Sport', 1),
('a08ead12-ff28-11ef-a048-0a0027000004', 'Melyik sportágban van les?', 'Sport', 1),
('a08ead2d-ff28-11ef-a048-0a0027000004', 'Melyik sportágban van bedobás?', 'Sport', 1),
('a08ead47-ff28-11ef-a048-0a0027000004', 'Melyik ország nyerte a legtöbb világbajnokságot labdarúgásban?', 'Sport', 2),
('a08ead65-ff28-11ef-a048-0a0027000004', 'Melyik évben rendezték az első modern olimpiát?', 'Sport', 2),
('a08ead80-ff28-11ef-a048-0a0027000004', 'Hány ember van egy rögbi csapatban a pályán?', 'Sport', 2),
('a08ead9a-ff28-11ef-a048-0a0027000004', 'Milyen sportágban lehet Grand Slam-tornát nyerni?', 'Sport', 2),
('a08eadb6-ff28-11ef-a048-0a0027000004', 'Melyik ország nyerte a legtöbb NBA-bajnokságot?', 'Sport', 2),
('a08eadd1-ff28-11ef-a048-0a0027000004', 'Melyik sportágban van fejelés?', 'Sport', 2),
('a08eafc6-ff28-11ef-a048-0a0027000004', 'Melyik országban alakult ki a jégkorong?', 'Sport', 2),
('a08eaff4-ff28-11ef-a048-0a0027000004', 'Melyik sportágban van a \"touchdown\"?', 'Sport', 2),
('a08eb015-ff28-11ef-a048-0a0027000004', 'Melyik sportágban van korong?', 'Sport', 2),
('a08eb02f-ff28-11ef-a048-0a0027000004', 'Melyik sportágban van háromszoros ugrás?', 'Sport', 2),
('a08eb04a-ff28-11ef-a048-0a0027000004', 'Ki nyerte a legtöbb olimpiai aranyérmet a történelemben?', 'Sport', 3),
('a08eb066-ff28-11ef-a048-0a0027000004', 'Milyen sportágban híres Pelé?', 'Sport', 3),
('a08eb081-ff28-11ef-a048-0a0027000004', 'Melyik évben alapították a FIFA-t?', 'Sport', 3),
('a08eb09b-ff28-11ef-a048-0a0027000004', 'Melyik csapat nyerte a legtöbb Bajnokok Ligáját?', 'Sport', 3),
('a08eb0b6-ff28-11ef-a048-0a0027000004', 'Ki volt az első ember, aki 100 métert 10 másodperc alatt futott?', 'Sport', 3),
('a08eb0d3-ff28-11ef-a048-0a0027000004', 'Melyik sportágban nyerte Michael Phelps a legtöbb érmet?', 'Sport', 3),
('a08eb0f0-ff28-11ef-a048-0a0027000004', 'Melyik évben volt az első Forma-1 világbajnokság?', 'Sport', 3),
('a08eb10a-ff28-11ef-a048-0a0027000004', 'Ki volt az első magyar olimpiai bajnok?', 'Sport', 3),
('a08eb1a1-ff28-11ef-a048-0a0027000004', 'Melyik ország nyerte a legtöbb olimpiai aranyérmet úszásban?', 'Sport', 3),
('a08eb1c2-ff28-11ef-a048-0a0027000004', 'Melyik a világ legrégibb teniszversenye?', 'Sport', 3),
('b1b246e7-ff28-11ef-a048-0a0027000004', 'Ki írta a Toldit?', 'Irodalom', 1),
('b1b24707-ff28-11ef-a048-0a0027000004', 'Ki írta a Pál utcai fiúk című regényt?', 'Irodalom', 1),
('b1b24728-ff28-11ef-a048-0a0027000004', 'Melyik magyar költő írta a Nemzeti dalt?', 'Irodalom', 1),
('b1b24748-ff28-11ef-a048-0a0027000004', 'Ki írta az Egri csillagok című regényt?', 'Irodalom', 1),
('b1b2476d-ff28-11ef-a048-0a0027000004', 'Melyik híres angol drámaíró írta a Hamletet?', 'Irodalom', 1),
('b1b2478d-ff28-11ef-a048-0a0027000004', 'Ki írta a Légy jó mindhalálig című könyvet?', 'Irodalom', 1),
('b1b247ac-ff28-11ef-a048-0a0027000004', 'Melyik magyar költő írta a Tiszta szívvel című verset?', 'Irodalom', 1),
('b1b247cd-ff28-11ef-a048-0a0027000004', 'Melyik regény főhőse Robinson Crusoe?', 'Irodalom', 1),
('b1b247eb-ff28-11ef-a048-0a0027000004', 'Ki írta az Odüsszeiát?', 'Irodalom', 1),
('b1b24809-ff28-11ef-a048-0a0027000004', 'Melyik híres magyar költő írta az Anyám tyúkja című verset?', 'Irodalom', 1),
('b1b2482a-ff28-11ef-a048-0a0027000004', 'Melyik híres magyar költő volt a Nyugat első nemzedékének tagja?', 'Irodalom', 2),
('b1b2484f-ff28-11ef-a048-0a0027000004', 'Melyik művel vált világhírűvé Franz Kafka?', 'Irodalom', 2),
('b1b2486e-ff28-11ef-a048-0a0027000004', 'Ki írta a Faust című művet?', 'Irodalom', 2),
('b1b2488e-ff28-11ef-a048-0a0027000004', 'Ki írta Az ember tragédiája című drámát?', 'Irodalom', 2),
('b1b248ad-ff28-11ef-a048-0a0027000004', 'Melyik magyar költő írta az Esti kérdés című verset?', 'Irodalom', 2),
('b1b248ce-ff28-11ef-a048-0a0027000004', 'Ki írta a Rómeó és Júlia című művet?', 'Irodalom', 2),
('b1b24944-ff28-11ef-a048-0a0027000004', 'Melyik műfaj jellemző a 19. századi romantikus regényekre?', 'Irodalom', 2),
('b1b24984-ff28-11ef-a048-0a0027000004', 'Ki volt a Déva várát megéneklő magyar költő?', 'Irodalom', 2),
('b1b249a3-ff28-11ef-a048-0a0027000004', 'Melyik költő írta a Szeptember végén című verset?', 'Irodalom', 2),
('b1b249c3-ff28-11ef-a048-0a0027000004', 'Ki volt a Nyugat című folyóirat egyik alapítója?', 'Irodalom', 2),
('b1b249e5-ff28-11ef-a048-0a0027000004', 'Melyik magyar író nyerte el a Nobel-díjat az irodalom területén 2002-ben?', 'Irodalom', 3),
('b1b24a07-ff28-11ef-a048-0a0027000004', 'Melyik 20. századi magyar költő írta a Hazám című verset?', 'Irodalom', 3),
('b1b24a2c-ff28-11ef-a048-0a0027000004', 'Melyik híres magyar író írta az Iskola a határon című regényt?', 'Irodalom', 3),
('b1b24a4e-ff28-11ef-a048-0a0027000004', 'Melyik francia író írta Az eltűnt idő nyomában című művet?', 'Irodalom', 3),
('b1b24a70-ff28-11ef-a048-0a0027000004', 'Ki írta az Odüsszeia című eposzt?', 'Irodalom', 3),
('b1b24a8f-ff28-11ef-a048-0a0027000004', 'Melyik híres angol költő írta a Vihar című drámát?', 'Irodalom', 3),
('b1b24aae-ff28-11ef-a048-0a0027000004', 'Melyik német író írta az Üveggyöngyjáték című művet?', 'Irodalom', 3),
('b1b24ace-ff28-11ef-a048-0a0027000004', 'Ki írta a Száz év magány című regényt?', 'Irodalom', 3),
('b1b24aeb-ff28-11ef-a048-0a0027000004', 'Melyik magyar író alkotta meg a Pál utcai fiúk főhősét, Nemecsek Ernőt?', 'Irodalom', 3),
('b1b24b0e-ff28-11ef-a048-0a0027000004', 'Ki volt az a magyar költő, akinek életművében meghatározó a szimbolizmus?', 'Irodalom', 3);

-- --------------------------------------------------------

--
-- Tábla szerkezet ehhez a táblához `__efmigrationshistory`
--

CREATE TABLE `__efmigrationshistory` (
  `MigrationId` varchar(150) COLLATE utf8_hungarian_ci NOT NULL,
  `ProductVersion` varchar(32) COLLATE utf8_hungarian_ci NOT NULL
) ENGINE=InnoDB DEFAULT CHARSET=utf8 COLLATE=utf8_hungarian_ci;

--
-- A tábla adatainak kiíratása `__efmigrationshistory`
--

INSERT INTO `__efmigrationshistory` (`MigrationId`, `ProductVersion`) VALUES
('20250131091907_AuthDb', '8.0.12');

--
-- Indexek a kiírt táblákhoz
--

--
-- A tábla indexei `answers`
--
ALTER TABLE `answers`
  ADD PRIMARY KEY (`id`),
  ADD KEY `question_id` (`question_id`);

--
-- A tábla indexei `aspnetroleclaims`
--
ALTER TABLE `aspnetroleclaims`
  ADD PRIMARY KEY (`Id`),
  ADD KEY `IX_AspNetRoleClaims_RoleId` (`RoleId`);

--
-- A tábla indexei `aspnetroles`
--
ALTER TABLE `aspnetroles`
  ADD PRIMARY KEY (`Id`),
  ADD UNIQUE KEY `RoleNameIndex` (`NormalizedName`);

--
-- A tábla indexei `aspnetuserclaims`
--
ALTER TABLE `aspnetuserclaims`
  ADD PRIMARY KEY (`Id`),
  ADD KEY `IX_AspNetUserClaims_UserId` (`UserId`);

--
-- A tábla indexei `aspnetuserlogins`
--
ALTER TABLE `aspnetuserlogins`
  ADD PRIMARY KEY (`LoginProvider`,`ProviderKey`),
  ADD KEY `IX_AspNetUserLogins_UserId` (`UserId`);

--
-- A tábla indexei `aspnetuserroles`
--
ALTER TABLE `aspnetuserroles`
  ADD PRIMARY KEY (`UserId`,`RoleId`),
  ADD KEY `IX_AspNetUserRoles_RoleId` (`RoleId`);

--
-- A tábla indexei `aspnetusers`
--
ALTER TABLE `aspnetusers`
  ADD PRIMARY KEY (`Id`),
  ADD UNIQUE KEY `UserNameIndex` (`NormalizedUserName`),
  ADD KEY `EmailIndex` (`NormalizedEmail`);

--
-- A tábla indexei `aspnetusertokens`
--
ALTER TABLE `aspnetusertokens`
  ADD PRIMARY KEY (`UserId`,`LoginProvider`,`Name`);

--
-- A tábla indexei `attempts`
--
ALTER TABLE `attempts`
  ADD PRIMARY KEY (`id`),
  ADD KEY `uid` (`uid`);

--
-- A tábla indexei `questions`
--
ALTER TABLE `questions`
  ADD PRIMARY KEY (`id`);

--
-- A tábla indexei `__efmigrationshistory`
--
ALTER TABLE `__efmigrationshistory`
  ADD PRIMARY KEY (`MigrationId`);

--
-- A kiírt táblák AUTO_INCREMENT értéke
--

--
-- AUTO_INCREMENT a táblához `aspnetroleclaims`
--
ALTER TABLE `aspnetroleclaims`
  MODIFY `Id` int(11) NOT NULL AUTO_INCREMENT;

--
-- AUTO_INCREMENT a táblához `aspnetuserclaims`
--
ALTER TABLE `aspnetuserclaims`
  MODIFY `Id` int(11) NOT NULL AUTO_INCREMENT;

--
-- Megkötések a kiírt táblákhoz
--

--
-- Megkötések a táblához `answers`
--
ALTER TABLE `answers`
  ADD CONSTRAINT `answers_ibfk_1` FOREIGN KEY (`question_id`) REFERENCES `questions` (`id`);

--
-- Megkötések a táblához `aspnetroleclaims`
--
ALTER TABLE `aspnetroleclaims`
  ADD CONSTRAINT `FK_AspNetRoleClaims_AspNetRoles_RoleId` FOREIGN KEY (`RoleId`) REFERENCES `aspnetroles` (`Id`) ON DELETE CASCADE;

--
-- Megkötések a táblához `aspnetuserclaims`
--
ALTER TABLE `aspnetuserclaims`
  ADD CONSTRAINT `FK_AspNetUserClaims_AspNetUsers_UserId` FOREIGN KEY (`UserId`) REFERENCES `aspnetusers` (`Id`) ON DELETE CASCADE;

--
-- Megkötések a táblához `aspnetuserlogins`
--
ALTER TABLE `aspnetuserlogins`
  ADD CONSTRAINT `FK_AspNetUserLogins_AspNetUsers_UserId` FOREIGN KEY (`UserId`) REFERENCES `aspnetusers` (`Id`) ON DELETE CASCADE;

--
-- Megkötések a táblához `aspnetuserroles`
--
ALTER TABLE `aspnetuserroles`
  ADD CONSTRAINT `FK_AspNetUserRoles_AspNetRoles_RoleId` FOREIGN KEY (`RoleId`) REFERENCES `aspnetroles` (`Id`) ON DELETE CASCADE,
  ADD CONSTRAINT `FK_AspNetUserRoles_AspNetUsers_UserId` FOREIGN KEY (`UserId`) REFERENCES `aspnetusers` (`Id`) ON DELETE CASCADE;

--
-- Megkötések a táblához `aspnetusertokens`
--
ALTER TABLE `aspnetusertokens`
  ADD CONSTRAINT `FK_AspNetUserTokens_AspNetUsers_UserId` FOREIGN KEY (`UserId`) REFERENCES `aspnetusers` (`Id`) ON DELETE CASCADE;

--
-- Megkötések a táblához `attempts`
--
ALTER TABLE `attempts`
  ADD CONSTRAINT `attempts_ibfk_1` FOREIGN KEY (`uid`) REFERENCES `aspnetusers` (`Id`);
COMMIT;

/*!40101 SET CHARACTER_SET_CLIENT=@OLD_CHARACTER_SET_CLIENT */;
/*!40101 SET CHARACTER_SET_RESULTS=@OLD_CHARACTER_SET_RESULTS */;
/*!40101 SET COLLATION_CONNECTION=@OLD_COLLATION_CONNECTION */;
